runNumber,eventNumber,mcChannelNumber,eventWeight,nMSeg_ratio_EIEM_raw,track_scalar_sum_pt_endcap_raw,MS1Vtx_clusE_raw,MS1Vtx_avg_clusE_raw,MS1Vtx_rms_clusE_raw,MS1Vtx_maxclusE_raw,MS1Vtx_l1ecal_raw,MS1Vtx_l1hcal_raw,MS1Vtx_l2ecal_raw,MS1Vtx_l2hcal_raw,MS1Vtx_l3ecal_raw,MS1Vtx_l3hcal_raw,MS1Vtx_l4ecal_raw,MS1Vtx_l4hcal_raw,MS1Vtx_mindR_jetcut_raw,MS1Vtx_sumTrackPt0p2Cone_raw,htmiss_NOSYS,met_met_NOSYS,msegUnAssoc_nBIL,msegUnAssoc_nBML,msegUnAssoc_nBOL,msegUnAssoc_nEIL,msegUnAssoc_nEML,msegUnAssoc_nEOL,muSeg_nBIL,muSeg_nBML,muSeg_nBOL,muSeg_nEIL,muSeg_nEML,muSeg_nEOL,msvtx_nTGC_s,scoreNN1e,scoreNN2e
410000,119700,537836,1.2590362e-10,0.33333334,5.252223,0.0,0.0,0.0,-1.0,0.0,0.0,0.0,0.0,0.0,0.0,0.0,0.0,3.3697128,0.0,50566.43,54054.344,1,2,1,3,9,40,1,2,1,3,9,40,1294,0.7625681555700808,0.21064678976565332
410000,43059,537836,1.3765335e-10,0.7,0.0,0.0,0.0,0.0,-1.0,0.0,0.0,0.0,0.0,0.0,0.0,0.0,0.0,2.8828351,0.0,79955.086,64267.332,3,2,0,7,10,38,3,2,0,8,11,42,2531,0.5022687187639696,0.9718849895419512
410000,43053,537836,1.4320443e-10,0.16666667,0.0,0.0,0.0,0.0,-1.0,0.0,0.0,0.0,0.0,0.0,0.0,0.0,0.0,3.13989,0.0,80588.734,93269.84,1,1,3,3,18,36,1,2,4,3,18,36,1301,0.9022247668801213,0.7940611432399761
410000,123951,537836,9.3066096e-11,0.2857143,20.536297,0.0,0.0,0.0,-1.0,0.0,0.0,0.0,0.0,0.0,0.0,0.0,0.0,2.4329298,0.0,247719.3,228187.72,6,3,1,2,7,37,6,3,1,2,9,46,1253,0.9018947185712655,0.20731915326834116
410000,89138,537836,1.8240647e-11,0.27272728,31.282751,0.0,0.0,0.0,-1.0,0.0,0.0,0.0,0.0,0.0,0.0,0.0,0.0,1.2119716,0.0,72792.3,113917.41,5,8,2,9,33,44,5,8,2,14,33,46,1945,0.9066607728518501,0.47618633959760204
410000,5557,537836,1.6172001e-10,0.64285713,65.58182,0.0,0.0,0.0,-1.0,0.0,0.0,0.0,0.0,0.0,0.0,0.0,0.0,1.2256701,0.0,114255.99,125887.86,0,1,1,9,14,32,0,1,1,9,15,33,1024,0.6868555009291822,0.31757200756409876
410000,45204,537836,1.4483723e-10,0.72727275,0.0,19.027132,6.342378,6.835273,9.179747,0.1463518,1.0530385,1.4757646,-0.11229357,2.7042572,0.0,1.2032969,0.0,1.1585163,0.0,40527.668,25324.492,0,0,0,8,11,31,0,0,0,8,11,31,1129,0.5694326759913432,0.8310461220491314
410000,38758,537836,1.3285033e-10,0.35714287,0.0,0.0,0.0,0.0,-1.0,0.0,0.0,0.0,0.0,0.0,0.0,0.0,0.0,2.739902,0.0,46893.55,26154.553,2,2,1,5,14,31,2,2,1,5,17,33,1344,0.8354722698143929,0.20297018314290516
410000,28084,537836,1.3587045e-10,0.13953489,23.578867,0.0,0.0,0.0,-1.0,0.0,0.0,0.0,0.0,0.0,0.0,0.0,0.0,1.0464871,0.0,45763.723,44594.195,3,0,1,6,43,44,3,0,1,7,45,45,1028,0.9464307555001878,0.7422420256947042
410000,46453,537836,0.0,0.8181818,0.0,0.0,0.0,0.0,-1.0,0.0,0.0,0.0,0.0,0.0,0.0,0.0,0.0,3.0699604,0.0,158468.42,159959.38,7,1,1,9,11,41,8,2,1,11,12,41,2671,0.4003780626150839,0.9839379424136354
410000,197,537836,3.689648e-12,0.8333333,0.0,0.0,0.0,0.0,-1.0,0.0,0.0,0.0,0.0,0.0,0.0,0.0,0.0,2.5916717,0.0,113908.74,130674.81,3,2,2,10,12,37,3,2,2,10,12,37,1810,0.4755939099318701,0.8100253523514929
410000,12014,537836,5.8325056e-14,0.64285713,0.0,0.0,0.0,0.0,-1.0,0.0,0.0,0.0,0.0,0.0,0.0,0.0,0.0,2.745733,0.0,52924.742,38790.254,2,3,4,18,28,33,2,3,4,18,35,41,1502,0.5830800816526306,0.6428209307136972
410000,98206,537836,4.9286e-10,0.2647059,135.07396,0.0,0.0,0.0,-1.0,0.0,0.0,0.0,0.0,0.0,0.0,0.0,0.0,3.4726818,0.0,92417.91,96309.445,1,1,1,9,34,38,1,2,1,12,38,45,905,0.8803218880556897,0.25963194837648396
410000,98208,537836,4.2609724e-10,0.4,7.6860776,0.0,0.0,0.0,-1.0,0.0,0.0,0.0,0.0,0.0,0.0,0.0,0.0,3.0353096,0.0,191352.52,201098.19,0,1,8,6,15,38,0,1,9,6,16,40,2000,0.7721882786198834,0.7742446272432532
410000,19772,537836,1.2426532e-10,0.47058824,16.2316,6.7064476,6.7064476,6.7064476,6.7064476,0.007275814,0.0,0.83669436,0.0,2.0210717,0.0,-0.012044264,0.0,2.4768536,0.0,60644.523,58046.477,2,2,2,8,17,36,2,2,2,8,19,37,1979,0.6354927657213217,0.5145420947573168
410000,86573,537836,3.3437106e-10,0.33333334,28.928543,0.0,0.0,0.0,-1.0,0.0,0.0,0.0,0.0,0.0,0.0,0.0,0.0,3.0022712,0.0,61653.71,63875.062,1,0,1,12,36,34,1,0,1,12,42,38,1125,0.841484798234482,0.5962871055695576
410000,139913,537836,1.4756162e-10,0.64285713,20.01741,0.0,0.0,0.0,-1.0,0.0,0.0,0.0,0.0,0.0,0.0,0.0,0.0,0.8311653,0.0,41436.43,28476.38,0,3,1,9,14,38,0,3,1,9,14,38,1892,0.6495497065769316,0.47036718650823517
410000,47859,537836,0.0,0.34210527,0.0,0.0,0.0,0.0,-1.0,0.0,0.0,0.0,0.0,0.0,0.0,0.0,0.0,1.2425336,0.0,61862.83,67802.28,1,1,2,13,38,42,1,1,2,14,41,45,1222,0.8541614959022441,0.4993610016859731
410000,108137,537836,1.5980095e-10,0.5625,0.0,21.435965,7.1453223,8.296248,13.072108,2.735416,-0.43501747,1.3074651,0.0,1.9538109,0.0,0.51959646,0.0,6.054918,3.1712623,95218.29,52189.156,2,1,2,9,16,32,2,1,2,9,19,36,1634,0.003915294562657823,0.9416289639091948
410000,109720,537836,1.329118e-10,0.25,0.0,0.0,0.0,0.0,-1.0,0.0,0.0,0.0,0.0,0.0,0.0,0.0,0.0,2.7420285,0.0,68225.58,63631.668,0,0,0,8,32,43,0,0,0,10,33,46,1307,0.8939234967444669,0.17980707655007389
410000,60037,537836,1.10028146e-10,0.9166667,177.03564,0.0,0.0,0.0,-1.0,0.0,0.0,0.0,0.0,0.0,0.0,0.0,0.0,1.5797436,0.0,323278.38,326113.34,0,0,0,11,12,31,0,0,0,11,13,31,1462,0.5884891241058332,0.45152750356177984
410000,120831,537836,1.9124022e-10,0.3181818,0.0,0.0,0.0,0.0,-1.0,0.0,0.0,0.0,0.0,0.0,0.0,0.0,0.0,3.0085378,0.0,50958.355,35144.105,0,1,0,7,22,36,0,1,0,9,23,37,1088,0.8315662052332505,0.755542964820795
410000,134953,537836,1.3557548e-10,0.11904762,0.0,0.0,0.0,0.0,-1.0,0.0,0.0,0.0,0.0,0.0,0.0,0.0,0.0,6.295313,0.0,68525.48,74049.42,0,0,2,5,42,31,0,0,2,5,46,36,1099,0.20444009522565676,0.8181810792105411
410000,147149,537836,1.4521764e-10,0.68421054,41.061123,0.0,0.0,0.0,-1.0,0.0,0.0,0.0,0.0,0.0,0.0,0.0,0.0,1.3562268,0.0,67759.766,74774.32,6,5,2,13,19,31,6,5,2,16,20,34,1665,0.6316516411869183,0.9969739712233244
410000,12163,537836,0.0,0.7777778,27.180944,0.0,0.0,0.0,-1.0,0.0,0.0,0.0,0.0,0.0,0.0,0.0,0.0,2.0179138,0.0,115217.7,116056.44,3,2,2,14,18,38,4,2,2,17,21,42,1062,0.5443617449590221,0.23236523376503182
410000,62022,537836,4.9597204e-10,0.8888889,0.0,2.230928,2.230928,2.230928,2.230928,0.0,0.0,0.0,0.89803225,-0.2784464,0.28251117,0.0,0.017655678,3.132828,0.0,77057.234,79908.9,0,1,0,8,9,40,0,1,0,11,13,44,995,0.3068645451962406,0.13789303757343996
410000,38230,537836,1.1888987e-10,0.32,14.280475,0.0,0.0,0.0,-1.0,0.0,0.0,0.0,0.0,0.0,0.0,0.0,0.0,2.925412,0.0,113096.95,101890.945,1,6,3,16,50,36,1,6,3,19,52,40,1040,0.8490883359592151,0.21384522863045108
410000,85487,537836,1.1685196e-10,0.5833333,0.0,0.0,0.0,0.0,-1.0,0.0,0.0,0.0,0.0,0.0,0.0,0.0,0.0,2.6510808,0.0,103733.734,89905.5,1,0,1,7,12,37,1,0,1,8,14,39,1118,0.6600756574922699,0.19209394059726315
410000,85555,537836,8.442423e-11,0.2,9.096668,35.794487,3.9771657,4.458958,7.860715,3.786166,3.6716187,3.9085562,0.058864366,4.696749,0.0,0.22994116,0.0,1.430358,0.0,180985.14,189651.67,1,0,2,4,20,32,1,0,2,4,20,32,2265,0.9952324914525409,0.9510864866440641
410000,99538,537836,1.218912e-10,0.18181819,15.0197735,0.0,0.0,0.0,-1.0,0.0,0.0,0.0,0.0,0.0,0.0,0.0,0.0,2.127933,0.0,135254.94,133720.66,5,2,0,6,33,37,5,2,0,6,34,37,1787,0.9403205959168235,0.9428690344099788
410000,88151,537836,0.0,0.65,86.68366,0.0,0.0,0.0,-1.0,0.0,0.0,0.0,0.0,0.0,0.0,0.0,0.0,3.060637,0.0,100607.54,88095.77,2,2,0,13,20,45,2,2,0,15,20,46,1268,0.5942515480413901,0.9482137035210763
410000,88171,537836,0.0,0.36363637,0.0,0.0,0.0,0.0,-1.0,0.0,0.0,0.0,0.0,0.0,0.0,0.0,0.0,2.2960157,0.0,57181.785,47924.605,3,0,0,4,11,32,3,0,0,4,11,34,1880,0.8538584417936085,0.8868508993037495
410000,101384,537836,1.895071e-10,0.1875,183.53067,0.0,0.0,0.0,-1.0,0.0,0.0,0.0,0.0,0.0,0.0,0.0,0.0,2.8566973,0.0,75698.12,75793.61,2,2,2,6,32,36,2,2,2,6,34,37,2157,0.9633291775434748,0.8111041645784728
410000,17094,537836,5.834586e-11,0.2,0.0,0.0,0.0,0.0,-1.0,0.0,0.0,0.0,0.0,0.0,0.0,0.0,0.0,1.0803732,0.0,375643.7,373586.5,3,3,1,5,25,49,3,3,1,7,28,51,1748,0.9189472176037424,0.9255356751592702
410000,24586,537836,1.3113714e-10,0.29166666,0.0,0.0,0.0,0.0,-1.0,0.0,0.0,0.0,0.0,0.0,0.0,0.0,0.0,3.09192,0.0,181634.78,185733.56,3,2,0,7,24,41,4,2,0,7,26,43,1949,0.8390034754030391,0.8390074714786263
410000,82125,537836,1.8043411e-10,0.36842105,0.0,9.779707,4.8898535,5.6600623,7.740404,0.0,0.0,2.5916212,0.0,1.5467497,0.0,0.09914801,0.0,2.980051,0.0,41865.44,44225.004,0,3,0,7,19,33,0,3,0,9,24,36,2126,0.7240862121460607,0.8967132061025512
410000,59818,537836,1.3886339e-10,0.1875,5.070351,0.0,0.0,0.0,-1.0,0.0,0.0,0.0,0.0,0.0,0.0,0.0,0.0,1.8381579,0.0,64311.59,49820.242,0,3,0,3,16,33,0,3,0,4,18,36,1454,0.9317740390383301,0.9324013997806015
410000,85140,537836,1.04603146e-10,0.17391305,194.05804,0.0,0.0,0.0,-1.0,0.0,0.0,0.0,0.0,0.0,0.0,0.0,0.0,2.1796267,0.0,213626.08,218066.97,2,3,1,4,23,31,2,3,1,4,25,34,1623,0.9781628328656028,0.9398933921459464
410000,30370,537836,1.4268642e-10,0.36666667,13.943364,42.916286,4.291629,5.4117293,11.26892,1.409629,2.9219966,3.436759,1.1332432,8.532692,0.0,3.4901595,0.0,2.5860078,0.0,198962.95,172131.83,0,2,1,11,30,31,0,2,1,14,31,34,2120,0.99706751050683,0.9099182289638934
410000,43273,537836,1.271182e-10,0.1,0.0,0.0,0.0,0.0,-1.0,0.0,0.0,0.0,0.0,0.0,0.0,0.0,0.0,3.034058,0.0,74936.33,80151.62,0,1,1,3,30,47,0,1,1,3,32,48,1683,0.9341278003658111,0.9694480937469273
410000,50064,537836,1.3679052e-10,0.8,36.16342,0.0,0.0,0.0,-1.0,0.0,0.0,0.0,0.0,0.0,0.0,0.0,0.0,2.5496798,0.0,66687.65,71569.445,2,1,2,12,15,31,2,1,2,12,15,35,1379,0.519293937995676,0.6335667789548097
410000,76269,537836,9.144085e-11,0.6818182,132.48212,0.0,0.0,0.0,-1.0,0.0,0.0,0.0,0.0,0.0,0.0,0.0,0.0,2.8377633,0.0,240806.19,235231.77,5,1,1,15,22,46,5,1,1,15,24,48,2052,0.6636213058075046,0.8679627315683571
410000,147699,537836,1.078243e-10,0.45454547,25.619465,0.0,0.0,0.0,-1.0,0.0,0.0,0.0,0.0,0.0,0.0,0.0,0.0,2.10654,0.0,221767.34,229155.95,2,0,1,10,22,35,2,0,1,11,23,35,2727,0.8130412507680891,0.9906157733464511
410000,147458,537836,9.126227e-11,1.8,0.0,0.0,0.0,0.0,-1.0,0.0,0.0,0.0,0.0,0.0,0.0,0.0,0.0,2.615919,0.0,207847.36,217419.28,0,3,1,9,5,36,0,3,1,9,5,36,2325,0.3804272144120462,0.9902756421462522
410000,110149,537836,1.3772869e-10,0.115384616,138.13345,0.0,0.0,0.0,-1.0,0.0,0.0,0.0,0.0,0.0,0.0,0.0,0.0,0.9809721,0.0,250436.06,255202.94,4,7,11,3,26,31,4,7,11,3,27,32,1363,0.9749653024500433,0.7596989651985622
410000,118234,537836,1.2567303e-10,0.5652174,5.9021115,39.26777,4.908471,5.5659847,8.627225,0.8560169,0.0,2.8890302,4.106218,3.872977,0.23770528,1.9360113,6.5837955,2.023866,0.0,87592.4,89164.24,0,3,0,13,23,37,0,4,0,14,24,39,2179,0.9620235517363247,0.8992080651590717
410000,1529,537836,1.4528938e-10,0.9166667,0.0,0.0,0.0,0.0,-1.0,0.0,0.0,0.0,0.0,0.0,0.0,0.0,0.0,5.442319,0.0,123328.625,118681.56,1,1,0,11,12,32,1,1,0,11,14,33,1450,0.10764889072804007,0.8513390980645718
410000,105821,537836,0.0,0.47826087,272.4614,0.0,0.0,0.0,-1.0,0.0,0.0,0.0,0.0,0.0,0.0,0.0,0.0,2.384581,0.0,215819.95,204772.05,2,1,3,11,23,31,2,1,3,16,28,34,2029,0.9239591396642268,0.9056838816437297
410000,12570,537836,3.582741e-14,0.20588236,19.902344,0.0,0.0,0.0,-1.0,0.0,0.0,0.0,0.0,0.0,0.0,0.0,0.0,3.0734084,0.0,276229.94,272122.34,4,4,4,7,34,33,5,4,4,9,34,37,1944,0.8995045180371294,0.9521635429035364
410000,94064,537836,4.0621137e-10,1.3846154,265.3855,0.0,0.0,0.0,-1.0,0.0,0.0,0.0,0.0,0.0,0.0,0.0,0.0,2.3913,0.0,123116.28,149860.94,0,2,0,18,13,40,0,2,0,19,13,40,2104,0.49276445082332043,0.9760032940839477
410000,76302,537836,1.3526788e-10,0.1875,9.365724,0.0,0.0,0.0,-1.0,0.0,0.0,0.0,0.0,0.0,0.0,0.0,0.0,2.1884859,0.0,45585.605,23334.709,1,0,1,6,32,35,1,0,1,6,32,35,1536,0.935862656532678,0.5112859479426937
410000,76427,537836,1.13043165e-10,0.3181818,86.27229,0.0,0.0,0.0,-1.0,0.0,0.0,0.0,0.0,0.0,0.0,0.0,0.0,3.0216107,0.0,163916.23,172504.89,0,1,3,7,22,58,0,1,3,10,23,59,3119,0.8821275941717464,0.9997537172852767
410000,138922,537836,1.176188e-10,0.2,51.091312,18.889902,4.7224755,4.9318905,6.943439,0.0,-0.03132393,2.5811963,0.0,4.761427,0.0,0.7991119,0.0,2.1784222,0.0,240145.6,238410.86,0,1,0,4,20,41,0,1,0,5,21,41,1777,0.9710924419602609,0.8343968590407704
410000,139004,537836,1.3600664e-10,0.26923078,0.0,0.0,0.0,0.0,-1.0,0.0,0.0,0.0,0.0,0.0,0.0,0.0,0.0,2.4315944,0.0,69749.86,74095.48,0,2,1,7,26,44,0,2,1,7,27,45,1741,0.8981707951708723,0.9219934273398092
410000,146438,537836,1.2065986e-10,0.22222222,14.695128,0.0,0.0,0.0,-1.0,0.0,0.0,0.0,0.0,0.0,0.0,0.0,0.0,1.8757339,0.0,86263.14,95613.52,0,2,1,8,36,35,0,2,1,10,39,35,1631,0.9241195656744473,0.9206022293441776
410000,95602,537836,1.09693296e-10,0.10526316,87.2949,0.0,0.0,0.0,-1.0,0.0,0.0,0.0,0.0,0.0,0.0,0.0,0.0,1.8582146,0.0,91011.46,101893.33,0,0,1,2,19,40,0,0,1,2,21,42,1741,0.9738520916596929,0.6590679036817251
410000,65213,537836,1.3761052e-10,0.3,89.90165,0.0,0.0,0.0,-1.0,0.0,0.0,0.0,0.0,0.0,0.0,0.0,0.0,1.9023708,0.0,111207.59,89290.97,0,1,1,3,10,32,0,1,1,3,10,32,1726,0.9307921268193975,0.8249003738503773
410000,9247,537836,4.400882e-12,0.78571427,0.0,4.526858,4.526858,4.526858,4.526858,0.0,0.0,0.8737185,0.0,0.90156955,0.0,-0.045675334,0.0,1.8317716,0.0,53595.09,50097.746,3,2,0,11,14,32,5,4,1,11,14,35,1845,0.6132869227056432,0.6766010339790798
410000,9264,537836,4.3427575e-12,1.1666666,0.0,0.0,0.0,0.0,-1.0,0.0,0.0,0.0,0.0,0.0,0.0,0.0,0.0,2.321482,0.0,42050.55,38196.99,0,3,0,14,12,35,0,3,0,15,12,35,1543,0.43388498513443396,0.6335464706147835
410000,104318,537836,4.8693315e-14,1.0,0.0,0.0,0.0,0.0,-1.0,0.0,0.0,0.0,0.0,0.0,0.0,0.0,0.0,2.173659,0.0,170161.72,173880.38,4,1,1,18,18,39,4,1,1,18,19,39,1516,0.45399811698792036,0.8466298132171213
410000,83327,537836,1.172189e-10,0.75,5.44531,0.0,0.0,0.0,-1.0,0.0,0.0,0.0,0.0,0.0,0.0,0.0,0.0,4.281371,0.0,64759.85,60928.605,0,2,0,6,8,33,0,2,0,7,9,33,1928,0.21818519414610138,0.8844842730008472
410000,69056,537836,1.33584e-10,0.1,76.72755,0.0,0.0,0.0,-1.0,0.0,0.0,0.0,0.0,0.0,0.0,0.0,0.0,3.0063372,0.0,69817.484,69634.695,1,1,0,3,30,50,1,1,0,3,30,50,1927,0.9571359034531124,0.7592817907784681
410000,12866,537836,1.7964649e-10,0.18181819,0.0,0.0,0.0,0.0,-1.0,0.0,0.0,0.0,0.0,0.0,0.0,0.0,0.0,3.3935716,0.0,48477.797,50415.098,2,0,3,6,33,33,4,1,4,6,34,35,938,0.868514134057142,0.37926471469423795
410000,135293,537836,1.1791017e-10,0.25,5.072924,0.0,0.0,0.0,-1.0,0.0,0.0,0.0,0.0,0.0,0.0,0.0,0.0,2.3940284,0.0,59564.027,59633.508,1,0,0,7,28,35,1,0,0,7,29,35,1799,0.9092088895345558,0.9225087061563833
410000,29177,537836,4.4580754e-12,0.28,23.283184,0.0,0.0,0.0,-1.0,0.0,0.0,0.0,0.0,0.0,0.0,0.0,0.0,3.012514,0.0,56920.625,50275.434,2,1,4,7,25,31,2,1,4,9,27,33,921,0.8690116736671841,0.11860520230661908
410000,7157,537836,4.3860737e-10,0.44444445,54.986397,30.49014,3.8112676,4.40656,7.4629836,2.6209948,0.0,3.0060189,-0.080421664,6.1860213,0.0,0.21400426,1.8675618,2.8699524,0.0,109802.516,128293.12,0,0,4,8,18,32,0,0,4,9,18,39,1595,0.9679327426987839,0.8937991053925018
410000,124359,537836,3.08232e-11,0.47058824,11.778148,0.0,0.0,0.0,-1.0,0.0,0.0,0.0,0.0,0.0,0.0,0.0,0.0,0.9375896,0.0,191694.62,221588.52,3,1,1,8,17,45,3,1,1,11,17,46,1252,0.7712663781472032,0.7590196296599111
410000,102099,537836,3.6595227e-11,0.72727275,0.0,0.0,0.0,0.0,-1.0,0.0,0.0,0.0,0.0,0.0,0.0,0.0,0.0,3.2825966,0.0,75581.61,69350.8,1,0,1,8,11,38,1,0,1,9,13,39,1087,0.3914052913412961,0.08597612795827014
410000,83090,537836,1.2979112e-10,0.2857143,0.0,0.0,0.0,0.0,-1.0,0.0,0.0,0.0,0.0,0.0,0.0,0.0,0.0,2.8925066,0.0,104212.914,117093.36,0,1,3,4,14,32,0,1,3,5,14,33,2640,0.8636332890399778,0.9765948469594802
410000,114108,537836,3.5694257e-11,0.5714286,0.0,58.821384,7.352673,11.478459,30.577541,2.8082309,0.0,11.143031,0.0,20.545113,0.0,0.4595017,0.0,2.1377485,0.0,53637.664,47804.71,5,2,1,8,14,33,5,2,1,10,14,34,1072,0.9945045379310505,0.716671628012477
410000,26438,537836,1.015037e-10,0.14285715,5.0669713,0.0,0.0,0.0,-1.0,0.0,0.0,0.0,0.0,0.0,0.0,0.0,0.0,1.4143332,0.0,76985.03,81428.63,3,1,1,2,14,40,3,1,1,2,14,40,2202,0.9418002562449455,0.7925038856426782
410000,95804,537836,1.2312412e-10,2.0,20.296766,0.0,0.0,0.0,-1.0,0.0,0.0,0.0,0.0,0.0,0.0,0.0,0.0,2.9910297,0.0,65484.418,70262.0,0,0,0,10,5,34,0,0,0,10,6,35,1988,0.324601123336722,0.7981948972130285
410000,95969,537836,1.3162042e-10,0.0,330.70828,0.0,0.0,0.0,-1.0,0.0,0.0,0.0,0.0,0.0,0.0,0.0,0.0,2.5483189,0.0,144844.6,144366.38,0,0,0,0,24,32,0,0,0,2,24,33,1133,0.9911425387899565,0.3712824555619433
410000,17204,537836,1.2570117e-10,0.36363637,0.0,0.0,0.0,0.0,-1.0,0.0,0.0,0.0,0.0,0.0,0.0,0.0,0.0,2.7892354,0.0,71971.586,68786.79,1,0,1,8,22,44,1,0,1,8,24,46,901,0.8258753180120262,0.5082907237178282
410000,17431,537836,1.634366e-10,1.1428572,6.161535,34.491226,6.8982453,8.66817,16.002409,0.121986754,-0.194,7.540012,0.0,8.725004,0.0,0.3340044,0.0,1.4683343,0.0,67444.984,55299.9,1,0,0,8,7,31,1,0,0,8,7,31,912,0.7221348167870221,0.23151875810330858
410000,74535,537836,1.9015486e-10,0.26923078,0.0,0.0,0.0,0.0,-1.0,0.0,0.0,0.0,0.0,0.0,0.0,0.0,0.0,1.2820001,0.0,71025.555,73369.27,3,1,0,7,26,32,3,1,0,10,27,34,1416,0.8924716392360248,0.572107215453174
410000,125273,537836,4.126027e-11,0.47058824,60.980762,0.0,0.0,0.0,-1.0,0.0,0.0,0.0,0.0,0.0,0.0,0.0,0.0,2.227535,0.0,455633.3,419983.5,1,0,0,8,17,35,1,0,0,9,19,41,2157,0.8345594151930142,0.9408901128990491
410000,62164,537836,4.6507284e-10,0.4090909,90.77702,81.60923,13.601537,14.82775,21.689949,0.0,-0.56711423,20.094738,0.0,35.07543,0.0,0.95282847,0.0,1.514919,0.0,109187.51,162016.88,2,0,1,9,22,35,2,0,1,11,22,41,2039,0.9945422463417724,0.9667700245194487
410000,15024,537836,1.12981034e-10,0.23076923,171.32193,0.0,0.0,0.0,-1.0,0.0,0.0,0.0,0.0,0.0,0.0,0.0,0.0,2.0192795,0.0,164039.72,170085.19,0,0,0,3,13,39,0,0,0,3,13,41,2283,0.969150879961033,0.945869761268255
410000,15270,537836,1.294927e-10,0.16666667,0.0,0.0,0.0,0.0,-1.0,0.0,0.0,0.0,0.0,0.0,0.0,0.0,0.0,1.7423205,0.0,93287.555,123935.61,3,0,0,5,30,33,3,0,0,5,30,33,1832,0.9355122085263009,0.6198157585679704
410000,7601,537836,4.775242e-10,0.23333333,0.0,0.0,0.0,0.0,-1.0,0.0,0.0,0.0,0.0,0.0,0.0,0.0,0.0,3.4603286,0.0,159786.72,154366.0,1,2,1,7,30,55,1,2,1,7,30,55,2532,0.8231883242713492,0.9460996620858518
410000,13486,537836,0.0,0.29032257,580.05194,61.816734,30.908367,41.31579,58.324917,1.8566886,0.3498351,-0.0041953134,38.52707,0.0,0.4032042,0.0,-0.018013887,1.672238,0.0,323635.5,335079.2,2,5,3,9,31,42,2,5,3,13,32,43,1579,0.49136319351622615,0.6905212244683825
410000,10859,537836,1.3557247e-10,2.3333333,0.0,0.0,0.0,0.0,-1.0,0.0,0.0,0.0,0.0,0.0,0.0,0.0,0.0,3.683562,0.0,95306.086,115575.22,0,0,1,7,3,33,0,0,1,7,3,33,1533,0.2153499983435745,0.8496148243566702
410000,34698,537836,3.4003706e-11,0.23809524,24.95593,2.9944215,2.9944215,2.9944215,2.9944215,0.0,0.0,0.6794353,0.0,0.09497478,0.0,-0.017558973,0.0,2.9262984,0.0,73320.51,78255.695,4,3,4,5,21,32,4,3,4,6,22,32,1020,0.8459186497154348,0.28208304575730125
410000,46647,537836,0.0,0.6086956,13.430485,1.2349945,1.2349945,1.2349945,1.2349945,1.2349945,0.0,0.0,0.0,0.0,0.0,0.0,0.0,1.565022,0.0,46081.043,55465.05,2,5,2,14,23,31,2,5,2,16,23,31,1104,0.6106467094992618,0.25527528972356917
410000,82576,537836,1.207172e-10,0.13333334,124.39492,34.21161,4.8873725,6.4451632,11.007088,0.0,6.399866,4.4363055,-0.23840943,5.9592805,0.0,1.2484778,0.0,3.0807264,0.0,146271.02,156011.0,0,0,0,2,15,35,0,0,0,2,15,35,1886,0.9920585995321972,0.7336963723430115
410000,114211,537836,4.3055342e-12,0.19565217,0.0,4.281166,4.281166,4.281166,4.281166,0.6278229,0.0,0.6145398,0.0,0.9909404,0.0,-0.06452284,0.0,1.9135162,0.0,115954.74,112893.56,1,1,1,9,46,36,1,1,1,11,47,39,1188,0.8810993518692988,0.7530353199808929
410000,116035,537836,4.3917808e-14,0.44444445,0.0,28.229836,4.7049727,5.8076186,11.956559,6.550694,-0.029502418,2.9489164,0.0,5.1070642,0.0,0.4704413,0.0,1.4770579,0.0,226740.92,230836.12,2,12,7,8,18,35,2,12,7,8,18,36,1369,0.9385245482652317,0.43912190451061295
410000,116075,537836,0.0,0.6875,13.4741955,0.0,0.0,0.0,-1.0,0.0,0.0,0.0,0.0,0.0,0.0,0.0,0.0,2.453336,0.0,112218.805,110974.164,5,0,0,11,16,31,5,0,0,18,17,33,1258,0.5938763686222983,0.5278405320759655
410000,116117,537836,0.0,0.5,42.431843,0.0,0.0,0.0,-1.0,0.0,0.0,0.0,0.0,0.0,0.0,0.0,0.0,1.3135144,0.0,46835.875,52588.35,4,2,5,10,20,32,5,4,7,10,23,33,1909,0.7829230354586717,0.9551368264328524
410000,97586,537836,1.06146966e-10,0.5,0.0,0.0,0.0,0.0,-1.0,0.0,0.0,0.0,0.0,0.0,0.0,0.0,0.0,1.0422547,0.0,181190.0,175623.88,1,1,1,6,12,38,1,1,1,6,14,40,1412,0.7374046655625393,0.4580097069106588
410000,26686,537836,1.2619199e-10,0.33333334,0.0,0.0,0.0,0.0,-1.0,0.0,0.0,0.0,0.0,0.0,0.0,0.0,0.0,1.2139446,0.0,69799.14,80893.695,1,3,0,4,12,37,1,3,0,6,14,38,1326,0.8589876688374039,0.4121453955029628
410000,26949,537836,1.2427219e-10,0.3478261,54.563225,0.0,0.0,0.0,-1.0,0.0,0.0,0.0,0.0,0.0,0.0,0.0,0.0,1.6658115,0.0,62297.637,80311.48,3,0,4,8,23,36,3,0,4,9,26,37,1252,0.889664681412568,0.6756122710320482
410000,73346,537836,5.7955526e-14,0.3,0.0,0.0,0.0,0.0,-1.0,0.0,0.0,0.0,0.0,0.0,0.0,0.0,0.0,4.108694,0.0,41358.066,41468.64,2,1,0,6,20,33,4,1,0,8,20,36,2431,0.5764506570559529,0.9715556051055032
410000,99246,537836,1.1800252e-10,0.19354838,0.0,0.0,0.0,0.0,-1.0,0.0,0.0,0.0,0.0,0.0,0.0,0.0,0.0,3.6217563,0.50389266,97049.34,97443.87,3,0,0,6,31,31,3,0,0,6,31,31,1500,0.7486137371289229,0.3114441646858477
410000,13729,537836,0.0,0.27586207,0.0,28.128593,5.625719,6.0857162,9.520702,1.1449976,0.0,2.9860106,0.0,10.388014,0.0,-0.07098395,0.0,2.1855776,0.0,117458.62,122761.81,0,2,3,8,29,35,0,2,3,14,33,39,1416,0.9689255037372632,0.18355311637459226
410000,63535,537836,9.922312e-11,0.16666667,0.0,0.0,0.0,0.0,-1.0,0.0,0.0,0.0,0.0,0.0,0.0,0.0,0.0,2.77875,0.0,215248.67,210637.27,0,0,0,8,48,50,3,0,0,8,50,54,2039,0.9250229122569179,0.9531746964909611
410000,21054,537836,4.9209814e-10,0.6,27.510996,0.0,0.0,0.0,-1.0,0.0,0.0,0.0,0.0,0.0,0.0,0.0,0.0,2.4681304,0.0,64837.21,56729.992,1,0,1,6,10,33,1,0,1,8,10,34,1482,0.6982184114579141,0.5166911910428079
410000,98678,537836,4.7381027e-10,0.3043478,19.157978,0.0,0.0,0.0,-1.0,0.0,0.0,0.0,0.0,0.0,0.0,0.0,0.0,1.6162549,0.0,92939.016,86279.73,0,2,1,7,23,40,0,2,1,9,24,44,1731,0.889639186551178,0.6547137931572087
410000,125670,537836,1.2800676e-10,0.9285714,65.90401,0.0,0.0,0.0,-1.0,0.0,0.0,0.0,0.0,0.0,0.0,0.0,0.0,2.3863177,0.0,114187.04,117547.53,2,2,1,13,14,39,2,2,1,16,16,40,1596,0.49675744754293893,0.5583870407813281
410000,85776,537836,1.0045739e-10,0.09090909,81.96203,0.0,0.0,0.0,-1.0,0.0,0.0,0.0,0.0,0.0,0.0,0.0,0.0,3.2690883,0.0,148681.92,143862.62,3,0,0,3,33,32,3,0,0,4,33,33,1139,0.9479567785784804,0.9704865013906322
410000,85867,537836,1.154001e-10,0.46153846,0.0,2.0534635,2.0534635,2.0534635,2.0534635,0.26654443,0.0,0.28394184,0.0,0.19135517,0.0,0.0,0.0,3.3083026,0.0,92645.55,115408.97,3,3,3,6,13,31,3,3,3,6,14,32,1506,0.49559015629530945,0.4001150635590556
410000,18941,537836,1.1647416e-10,0.4,65.798615,0.0,0.0,0.0,-1.0,0.0,0.0,0.0,0.0,0.0,0.0,0.0,0.0,4.2954106,0.0,98200.805,103712.53,0,6,2,8,20,36,0,6,2,8,22,36,2681,0.4644157969842009,0.9991234246181372
410000,44770,537836,1.0883896e-10,0.11111111,0.0,0.0,0.0,0.0,-1.0,0.0,0.0,0.0,0.0,0.0,0.0,0.0,0.0,2.965115,0.0,162855.83,154857.86,1,0,0,2,18,32,1,0,0,2,20,36,2622,0.9340379973818091,0.9948498397308227
410000,73772,537836,0.0,0.5294118,64.63674,10.527312,5.263656,5.279954,5.678189,0.7490105,-0.098010905,1.7090142,0.0,2.605956,0.0,0.12800321,0.0,0.9713242,0.0,197470.77,141751.83,0,4,2,9,17,34,0,4,2,11,23,46,1681,0.700292530337135,0.7342537606094793
410000,73833,537836,0.0,0.9230769,194.13188,19.164364,6.388121,7.3408895,8.967767,-0.0047070235,0.0,1.5952281,3.5935664,3.5569425,1.5600333,0.0034644513,-0.15676917,4.033837,0.0,89416.51,92284.27,1,0,0,12,13,31,1,0,0,17,13,33,1720,0.210691659257914,0.786462212846035
410000,21969,537836,1.3717831e-10,1.875,55.3179,0.0,0.0,0.0,-1.0,0.0,0.0,0.0,0.0,0.0,0.0,0.0,0.0,1.7197968,0.0,53399.41,41646.81,2,2,1,15,8,35,2,2,1,17,10,37,975,0.43267434791234327,0.21403616980825002
410000,123600,537836,1.2029817e-10,0.29411766,21.714024,0.0,0.0,0.0,-1.0,0.0,0.0,0.0,0.0,0.0,0.0,0.0,0.0,0.9732849,0.0,48795.082,60302.74,1,0,2,5,17,32,1,0,2,5,19,33,1111,0.8906130838426043,0.18987422291691425
410000,69317,537836,1.8879656e-10,0.46666667,21.794317,0.0,0.0,0.0,-1.0,0.0,0.0,0.0,0.0,0.0,0.0,0.0,0.0,3.1287017,0.0,83990.445,84312.016,0,1,0,7,15,34,0,1,0,7,15,35,1189,0.7065452355831847,0.13702276451170925
410000,69404,537836,1.859935e-10,0.35135135,22.07543,0.0,0.0,0.0,-1.0,0.0,0.0,0.0,0.0,0.0,0.0,0.0,0.0,2.8409956,0.0,78592.83,89301.19,1,0,0,13,37,33,2,0,0,13,38,34,1530,0.8433551107101436,0.9075689527865644
410000,65801,537836,1.3586442e-10,0.21052632,0.0,0.0,0.0,0.0,-1.0,0.0,0.0,0.0,0.0,0.0,0.0,0.0,0.0,1.7453561,0.0,70842.484,79732.984,1,0,1,4,19,33,1,0,1,5,21,36,932,0.9198822099031473,0.3266966762863086
410000,23145,537836,9.2425956e-11,0.5,0.0,0.0,0.0,0.0,-1.0,0.0,0.0,0.0,0.0,0.0,0.0,0.0,0.0,2.549528,0.0,292566.6,287832.34,0,0,0,4,8,33,0,0,0,5,8,37,2325,0.7532363028194791,0.9916786811463761
410000,41341,537836,0.0,0.4473684,0.0,0.0,0.0,0.0,-1.0,0.0,0.0,0.0,0.0,0.0,0.0,0.0,0.0,2.3997433,0.0,72451.44,70779.91,2,2,2,17,38,43,2,2,2,18,38,44,1869,0.7995068231971123,0.6627003704229742
410000,6940,537836,1.2815177e-10,0.36363637,0.0,0.0,0.0,0.0,-1.0,0.0,0.0,0.0,0.0,0.0,0.0,0.0,0.0,5.383086,0.0,48344.508,53280.473,2,1,0,4,11,39,3,2,1,5,11,41,1806,0.20303436446128487,0.905395807330322
410000,8027,537836,1.4136273e-10,0.24,64.82538,0.0,0.0,0.0,-1.0,0.0,0.0,0.0,0.0,0.0,0.0,0.0,0.0,2.3141477,0.0,73965.75,69555.7,2,0,4,6,25,39,2,0,4,7,25,39,1788,0.9401051339595641,0.8755096354573646
410000,108517,537836,1.1855927e-10,0.1904762,0.0,0.0,0.0,0.0,-1.0,0.0,0.0,0.0,0.0,0.0,0.0,0.0,0.0,2.3832793,0.0,120404.07,128870.36,2,0,0,8,42,33,2,0,0,9,46,40,977,0.9288541239726682,0.1673881979670464
410000,108530,537836,1.3024821e-10,0.54545456,0.0,0.0,0.0,0.0,-1.0,0.0,0.0,0.0,0.0,0.0,0.0,0.0,0.0,5.8536735,0.0,58767.78,31190.434,3,7,13,6,11,33,6,9,13,10,16,36,1405,0.12059982742209718,0.15351596704015158
410000,92280,537836,1.210018e-10,0.5263158,0.0,0.0,0.0,0.0,-1.0,0.0,0.0,0.0,0.0,0.0,0.0,0.0,0.0,1.1810423,0.0,100284.72,129763.945,3,2,1,10,19,34,3,2,1,10,19,34,1100,0.716985364683849,0.06662539778333298
410000,25423,537836,1.8291961e-10,0.1764706,44.734436,0.0,0.0,0.0,-1.0,0.0,0.0,0.0,0.0,0.0,0.0,0.0,0.0,0.9188645,0.0,62904.254,65910.3,0,2,2,3,17,31,0,2,2,3,17,31,1955,0.9427636733284681,0.8223836454342774
410000,113119,537836,1.3231925e-10,0.2173913,6.6144905,0.0,0.0,0.0,-1.0,0.0,0.0,0.0,0.0,0.0,0.0,0.0,0.0,1.5678936,0.0,66883.19,75375.97,1,0,2,5,23,32,1,0,2,5,24,32,1582,0.9188605926667807,0.653120348268953
410000,31203,537836,1.2313751e-10,0.4,339.47113,0.0,0.0,0.0,-1.0,0.0,0.0,0.0,0.0,0.0,0.0,0.0,0.0,1.5396855,0.0,89567.555,98761.44,0,0,0,4,10,36,0,0,0,4,10,37,1776,0.9660627192775736,0.9448124317351907
410000,101194,537836,1.4647558e-10,0.32258064,0.0,0.0,0.0,0.0,-1.0,0.0,0.0,0.0,0.0,0.0,0.0,0.0,0.0,2.7778761,0.0,133821.42,128776.95,1,0,1,10,31,46,1,0,1,10,35,49,1905,0.8529715179481325,0.9538936145576921
410000,35876,537836,1.3080913e-10,0.61538464,9.492507,10.718651,10.718651,10.718651,10.718651,0.0,0.0,0.6104398,0.0,4.0607834,0.0,0.14291932,0.0,2.3636212,0.0,52816.81,22121.021,2,1,1,8,13,41,2,1,1,8,14,42,1377,0.33739252724511326,0.9360036915586198
410000,36882,537836,1.919148e-10,0.75,6.1684966,0.0,0.0,0.0,-1.0,0.0,0.0,0.0,0.0,0.0,0.0,0.0,0.0,3.7287648,0.0,65141.06,76941.03,1,1,0,12,16,42,1,1,0,13,19,45,1084,0.298885238929119,0.7713620307278873
410000,11467,537836,1.4056019e-10,0.10714286,0.0,0.0,0.0,0.0,-1.0,0.0,0.0,0.0,0.0,0.0,0.0,0.0,0.0,1.2524155,0.0,148690.55,142464.98,1,1,1,3,28,38,1,1,1,3,28,38,1300,0.9484868654936702,0.9303535074161726
410000,11623,537836,9.413168e-11,0.035714287,82.88444,0.0,0.0,0.0,-1.0,0.0,0.0,0.0,0.0,0.0,0.0,0.0,0.0,2.330528,0.0,214240.28,213531.19,0,0,0,1,28,40,0,0,0,2,30,40,1287,0.9797902464566126,0.7586906183697814
410000,3603,537836,1.2407554e-10,0.09677419,0.0,0.0,0.0,0.0,-1.0,0.0,0.0,0.0,0.0,0.0,0.0,0.0,0.0,2.7389598,0.0,63297.62,76278.945,0,0,0,3,31,33,0,0,0,3,31,34,1494,0.9473786928435255,0.41638677024568405
410000,3602,537836,1.2785918e-10,0.083333336,33.92694,67.4147,7.4905224,9.9476385,22.038204,2.3150084,0.21297114,8.367847,10.412741,10.982043,6.85099,0.53000116,-0.6100004,1.753805,0.0,50550.742,49177.055,0,0,0,2,24,34,0,0,0,4,29,39,1545,0.9999113537681066,0.9247048376065252
410000,22773,537836,1.1795694e-10,0.48,0.0,16.655031,16.655031,16.655031,16.655031,0.0,0.6559462,0.0,9.489164,0.0,-0.14799583,0.0,0.0,2.6416502,0.0,60866.74,56538.14,0,1,0,12,25,36,0,1,0,13,28,36,1444,0.20108128541940495,0.6050221774133921
410000,37233,537836,4.444832e-12,0.56,14.869385,44.093338,6.299049,7.4576235,14.938677,0.0,7.313146,5.698009,0.364,6.460095,0.0,1.4310268,0.0,2.6648717,0.0,86106.13,68887.91,7,5,2,14,25,32,9,6,4,17,26,34,1487,0.9857808439572964,0.33584565284240075
410000,8749,537836,8.771827e-11,0.2580645,0.0,0.0,0.0,0.0,-1.0,0.0,0.0,0.0,0.0,0.0,0.0,0.0,0.0,1.917889,0.0,211977.17,219609.56,0,1,1,8,31,46,0,1,1,11,32,48,3200,0.9026169834323163,0.9867085512365944
410000,31719,537836,9.5872664e-11,0.3846154,0.0,0.0,0.0,0.0,-1.0,0.0,0.0,0.0,0.0,0.0,0.0,0.0,0.0,3.0114446,0.0,190388.3,200903.53,0,1,4,5,13,31,0,1,4,5,13,31,2032,0.7821224385088015,0.9662203229145022
410000,8401,537836,1.2122098e-10,0.2,0.0,58.264427,5.8264427,6.68587,12.849971,1.2480009,2.8213818,5.7193427,5.7989683,12.701008,-0.122,0.8390139,0.0,1.8636487,0.0,79577.2,81734.875,4,7,1,3,15,33,4,7,1,3,17,35,935,0.9996998301268004,0.14969350917391422
410000,96908,537836,1.3829171e-10,0.33333334,11.09215,37.43485,7.48697,10.1613655,20.687294,0.09935018,0.0,8.604314,0.0,15.366104,0.0,-0.11771768,0.0,2.7281919,0.0,48086.344,55263.055,2,0,1,5,15,31,2,0,1,5,15,31,1873,0.9237360927665033,0.9667230366004477
410000,110411,537836,1.8884369e-10,0.46666667,0.0,0.0,0.0,0.0,-1.0,0.0,0.0,0.0,0.0,0.0,0.0,0.0,0.0,3.2993793,0.0,66401.14,73504.54,0,0,3,7,15,40,0,0,3,7,17,43,2499,0.6370866536977471,0.8810549697511422
410000,137487,537836,1.5807412e-10,0.6111111,0.0,0.0,0.0,0.0,-1.0,0.0,0.0,0.0,0.0,0.0,0.0,0.0,0.0,2.3508332,0.0,104333.03,92923.47,2,0,1,11,18,33,2,0,1,11,18,33,1401,0.6551363574917135,0.7304812458565941
410000,98999,537836,1.3996779e-10,0.115384616,0.0,0.0,0.0,0.0,-1.0,0.0,0.0,0.0,0.0,0.0,0.0,0.0,0.0,2.0765283,0.0,71248.51,74553.47,1,3,4,3,26,38,1,3,4,3,26,39,1847,0.9528973331425618,0.8265078026526473
410000,139563,537836,1.642481e-10,0.08695652,0.0,0.0,0.0,0.0,-1.0,0.0,0.0,0.0,0.0,0.0,0.0,0.0,0.0,2.3268633,0.0,60123.973,55327.582,0,0,1,2,23,40,0,0,1,4,27,45,2564,0.9571911793542199,0.9924022817286817
410000,139828,537836,1.3997525e-10,0.125,66.26518,0.0,0.0,0.0,-1.0,0.0,0.0,0.0,0.0,0.0,0.0,0.0,0.0,2.2153838,0.0,94273.69,92028.414,0,3,0,3,24,47,0,4,1,4,25,48,2544,0.9665142639593909,0.9658964406343855
410000,42119,537836,3.3496476e-11,0.8181818,0.0,0.0,0.0,0.0,-1.0,0.0,0.0,0.0,0.0,0.0,0.0,0.0,0.0,2.5672863,0.0,72475.42,49867.758,2,1,0,9,11,41,2,1,0,9,11,41,1001,0.4835014360282345,0.3987806550326144
410000,88377,537836,0.0,1.0,0.0,0.0,0.0,0.0,-1.0,0.0,0.0,0.0,0.0,0.0,0.0,0.0,0.0,3.0638747,0.0,51648.734,48779.49,4,3,0,7,7,35,4,3,0,10,7,35,927,0.35905612369684703,0.7198808783279521
410000,88405,537836,0.0,0.36956522,0.0,0.0,0.0,0.0,-1.0,0.0,0.0,0.0,0.0,0.0,0.0,0.0,0.0,2.3595095,0.0,108666.23,91685.75,4,3,2,17,46,48,4,3,2,20,47,50,2036,0.8497036122862753,0.9642655755046006
410000,60823,537836,1.9640593e-10,0.39130434,9.7829,25.979086,8.659696,10.0954075,15.818221,0.9282008,0.41065443,0.8750952,8.718839,3.669309,0.05151293,0.04218232,0.0,1.3157469,0.0,110104.516,56845.51,1,1,3,9,23,31,2,2,4,15,24,36,1406,0.6946550797014344,0.9135131528971363
410000,60833,537836,2.0827674e-10,0.2631579,0.0,24.471453,8.157151,8.226151,9.258205,0.0,0.73150563,2.9506464,0.0,4.692136,0.0,1.4567934,0.0,1.9143738,0.0,58640.184,77978.53,3,2,1,5,19,35,3,4,2,5,20,40,1262,0.9307514362936937,0.3973321103819545
410000,114501,537836,4.3954645e-12,0.1875,0.0,0.0,0.0,0.0,-1.0,0.0,0.0,0.0,0.0,0.0,0.0,0.0,0.0,2.895504,0.0,80820.57,85708.88,0,1,1,3,16,31,0,1,1,3,16,31,2010,0.9109345130412668,0.9454173535117062
410000,50975,537836,1.2779669e-10,0.3,0.0,0.0,0.0,0.0,-1.0,0.0,0.0,0.0,0.0,0.0,0.0,0.0,0.0,3.3106616,0.0,96708.086,86499.44,1,1,0,15,50,59,1,1,0,15,52,61,1520,0.8003384359347616,0.7006868980756549
410000,130915,537836,1.3330882e-10,5.0,6.3843155,0.0,0.0,0.0,-1.0,0.0,0.0,0.0,0.0,0.0,0.0,0.0,0.0,2.9742193,0.0,47152.383,48746.32,3,2,0,10,2,32,3,2,0,10,2,32,1082,0.239596288095842,0.1517021151417125
410000,42798,537836,0.0,1.0,0.0,0.0,0.0,0.0,-1.0,0.0,0.0,0.0,0.0,0.0,0.0,0.0,0.0,2.9247358,0.0,42364.234,53418.02,4,1,0,13,13,40,4,1,0,14,13,41,1449,0.383206841827586,0.7573935698039966
410000,91927,537836,0.0,0.35,0.0,0.0,0.0,0.0,-1.0,0.0,0.0,0.0,0.0,0.0,0.0,0.0,0.0,2.3857255,0.0,40917.516,93467.87,0,0,2,7,20,50,0,0,2,7,21,60,2531,0.8601575659243281,0.9743649305043984
410000,92097,537836,1.8549286e-10,0.024390243,39.74546,33.48562,6.697123,7.675569,11.935186,0.0,0.0,8.190765,0.0,10.8780155,0.0,0.008000742,0.0,2.9861302,1.0518144,90379.22,116662.96,1,0,1,1,41,40,1,0,1,3,42,41,2466,0.9641880851894983,0.986495162049689
410000,145270,537836,1.9513602e-10,0.125,0.0,0.0,0.0,0.0,-1.0,0.0,0.0,0.0,0.0,0.0,0.0,0.0,0.0,2.0040212,0.0,48503.637,63635.617,2,0,1,4,32,32,2,0,1,5,34,34,1511,0.9499995670024756,0.876853992761701
410000,24134,537836,1.2500537e-10,0.6,13.808133,0.0,0.0,0.0,-1.0,0.0,0.0,0.0,0.0,0.0,0.0,0.0,0.0,3.250508,0.0,46920.164,41136.176,2,0,1,9,15,37,2,0,1,10,15,38,2580,0.5105795475787385,0.9864571914457609
410000,94723,537836,4.5731577e-10,0.2,151.75394,1.207994,1.207994,1.207994,1.207994,1.1980679,0.0,0.088436045,0.0,-0.07850985,0.0,0.0,0.0,1.1640563,0.0,152957.36,141545.92,2,3,1,4,20,33,2,3,1,4,20,33,2150,0.9561391621054093,0.9718057739125191
410000,75403,537836,1.1862211e-10,0.33333334,0.0,0.0,0.0,0.0,-1.0,0.0,0.0,0.0,0.0,0.0,0.0,0.0,0.0,2.7866142,0.0,137189.8,139203.22,0,0,1,4,12,33,0,0,1,4,12,33,1266,0.8456570153843734,0.795241089716445
410000,79371,537836,1.1543275e-10,0.07692308,0.0,0.0,0.0,0.0,-1.0,0.0,0.0,0.0,0.0,0.0,0.0,0.0,0.0,1.5778085,0.0,47365.43,30638.922,0,3,3,3,39,32,0,3,3,4,39,34,1434,0.9579681803313489,0.6205138135020702
410000,68462,537836,4.112245e-12,0.25,93.9474,0.0,0.0,0.0,-1.0,0.0,0.0,0.0,0.0,0.0,0.0,0.0,0.0,2.106438,0.0,103691.99,104573.55,3,2,1,7,28,36,3,2,1,7,28,36,1976,0.9484457945009045,0.8991766052039905
410000,16590,537836,1.1032588e-10,0.30769232,0.0,0.0,0.0,0.0,-1.0,0.0,0.0,0.0,0.0,0.0,0.0,0.0,0.0,3.0299096,0.0,138316.28,146677.1,1,1,2,8,26,34,1,1,2,9,28,38,1773,0.8359249863480789,0.9588262510249151
410000,36678,537836,0.0,0.39285713,0.0,98.132416,8.921128,10.796044,25.826672,0.44497567,0.21210858,10.9190645,19.482103,20.1831,-0.21200341,2.2550416,0.0,1.6846699,0.0,50195.168,53789.51,2,0,0,11,28,33,2,0,0,11,31,37,1508,0.9999946295124396,0.6070599116350612
410000,36800,537836,0.0,0.43333334,164.59572,18.906773,3.1511288,3.94786,8.209606,2.5726502,0.0,3.5266857,0.30489436,3.033996,0.4835595,-0.00019382859,0.0066021304,1.610567,0.0,157977.97,162529.2,3,3,1,13,30,43,3,3,1,14,34,57,1803,0.979662664622283,0.9311751763751013
410000,56876,537836,1.6680007e-10,0.5,0.0,0.0,0.0,0.0,-1.0,0.0,0.0,0.0,0.0,0.0,0.0,0.0,0.0,2.4273226,0.0,127544.02,125088.41,2,0,0,6,12,42,2,0,0,6,14,43,2019,0.7585763824432028,0.9329703375330338
410000,81197,537836,4.491908e-12,2.2,13.759604,0.0,0.0,0.0,-1.0,0.0,0.0,0.0,0.0,0.0,0.0,0.0,0.0,1.5488454,0.0,43452.65,53577.305,4,1,2,11,5,33,4,1,2,14,5,34,1784,0.41473086871766884,0.8523758564841102
410000,30209,537836,2.0279964e-10,0.2857143,37.897804,0.0,0.0,0.0,-1.0,0.0,0.0,0.0,0.0,0.0,0.0,0.0,0.0,2.4300027,0.0,94318.336,62377.35,3,2,0,8,28,31,3,2,0,12,29,31,1082,0.9109347863069497,0.07490493726785685
410000,19014,537836,1.272404e-10,0.12903225,0.0,0.0,0.0,0.0,-1.0,0.0,0.0,0.0,0.0,0.0,0.0,0.0,0.0,2.5895524,0.0,156099.23,129658.81,0,2,0,4,31,39,0,2,0,5,33,40,1942,0.9437100045806762,0.9562885134333126
410000,75325,537836,1.169944e-10,0.2,0.0,46.906017,9.381203,10.609825,18.540825,0.0,0.22783142,6.254707,0.0,11.667325,0.0,3.8534038,0.0,3.058917,0.0,53258.773,45420.574,1,0,0,8,40,48,1,0,0,8,43,57,1280,0.9704928032870895,0.6524592546988135
410000,148057,537836,9.9734075e-11,0.1875,0.0,1.408927,0.70446354,0.78998107,1.0619565,0.094326586,0.0,0.6188661,0.0,-0.12073553,0.0,0.0,0.0,2.1430354,0.0,96325.28,103608.805,0,2,1,6,32,31,0,2,1,6,35,34,1300,0.9415233648854225,0.7732951998199528
410000,66582,537836,5.971488e-14,0.75,8.109974,38.574192,7.7148385,8.38989,11.4724245,0.0,1.4419539,9.446984,0.0,7.586114,0.0,0.25800288,0.0,1.5799731,0.0,128343.414,111093.3,1,3,2,9,12,40,1,3,2,12,14,44,1146,0.8873042004233987,0.0896070614172324
410000,88708,537836,0.0,0.21212122,0.0,8.965906,4.482953,4.4856415,4.6382403,0.0,0.0,0.78501487,0.0,3.6199687,0.0,-0.117,0.0,2.4122093,0.0,71746.305,72515.22,1,3,1,7,33,38,1,3,3,8,33,39,1285,0.8856385103968138,0.2975808996060184
410000,79015,537836,1.347915e-10,0.25,0.0,0.40941998,0.40941998,0.40941998,0.40941998,0.0,-0.22676063,-0.05729579,0.0,-0.48211974,0.0,1.00859,0.0,2.0873022,0.0,55845.574,93794.62,1,2,0,8,32,37,3,3,1,10,36,42,1901,0.9168561091414256,0.7659385614009845
410000,54997,537836,1.3342082e-10,0.6923077,0.0,0.0,0.0,0.0,-1.0,0.0,0.0,0.0,0.0,0.0,0.0,0.0,0.0,2.9524353,0.0,62402.605,74729.266,0,1,1,9,13,35,0,1,1,9,13,35,1432,0.49187818357234325,0.21606867856167866
410000,21681,537836,4.791129e-10,0.875,22.148539,18.813725,9.406862,9.536783,10.975676,0.28997186,0.29899082,1.311013,-0.16703342,7.053999,0.0,0.21700363,-0.05112591,4.1701694,0.0,82304.09,79283.78,1,1,1,7,8,31,1,1,1,7,10,32,987,0.0735868275192677,0.06479152089056239
410000,55700,537836,1.3625322e-10,0.4,0.0,0.0,0.0,0.0,-1.0,0.0,0.0,0.0,0.0,0.0,0.0,0.0,0.0,1.314395,0.0,49276.805,30767.965,0,0,0,10,25,58,0,0,0,13,27,62,1002,0.8177376262058398,0.11698230171838375
410000,53252,537836,9.831324e-11,0.90909094,0.0,0.0,0.0,0.0,-1.0,0.0,0.0,0.0,0.0,0.0,0.0,0.0,0.0,3.2006073,0.0,182998.42,176272.5,2,2,2,10,11,36,2,2,2,10,14,39,1442,0.3503641286817567,0.17663153192636294
410000,131793,537836,1.2799058e-10,0.5714286,0.0,0.0,0.0,0.0,-1.0,0.0,0.0,0.0,0.0,0.0,0.0,0.0,0.0,2.4960968,0.0,57516.168,58557.2,0,1,6,8,14,31,0,1,6,10,15,32,1246,0.6924176835233791,0.907943439342966
410000,117423,537836,0.0,0.375,0.0,0.0,0.0,0.0,-1.0,0.0,0.0,0.0,0.0,0.0,0.0,0.0,0.0,3.4523208,0.0,768119.44,775930.25,3,2,0,6,16,32,4,3,1,6,18,33,2370,0.6942117154559806,0.9651573090492148
410000,60416,537836,1.7785715e-10,1.8571428,0.0,51.64833,12.912083,14.964869,25.608585,0.0,11.056826,3.2558427,-0.5816149,8.148805,0.0,3.4668846,0.0,1.7479899,0.0,56363.7,65669.47,0,1,1,13,7,35,0,1,1,14,7,36,1458,0.4882691485865278,0.8875833465989036
410000,107953,537836,0.0,0.3548387,45.940983,0.0,0.0,0.0,-1.0,0.0,0.0,0.0,0.0,0.0,0.0,0.0,0.0,2.7282352,0.0,130334.195,142902.81,4,2,2,11,31,44,4,2,2,11,31,44,2102,0.8665966976414676,0.9826254577301419
410000,16017,537836,1.00866045e-10,0.34375,0.0,0.0,0.0,0.0,-1.0,0.0,0.0,0.0,0.0,0.0,0.0,0.0,0.0,4.1475983,0.0,218059.52,204894.67,2,3,0,11,32,37,2,3,0,13,35,38,1850,0.5083731188168101,0.8785103509313295
410000,16178,537836,1.2807998e-10,0.25,0.0,19.353481,2.7647831,3.8441217,8.723142,3.6077042,0.0,1.3787826,4.7643433,0.8830695,0.2287228,0.025406078,0.0,2.7026415,0.0,119445.3,112524.266,4,3,1,7,28,37,4,3,1,8,28,37,1844,0.9697823303211459,0.9615494586456839
410000,3772,537836,1.1847186e-10,0.2631579,78.687126,0.0,0.0,0.0,-1.0,0.0,0.0,0.0,0.0,0.0,0.0,0.0,0.0,2.8933175,0.0,103252.84,98135.92,0,3,1,5,19,40,0,3,1,7,23,40,1411,0.9141185895535682,0.7533347985770914
410000,3882,537836,8.762551e-11,0.35714287,221.57227,0.0,0.0,0.0,-1.0,0.0,0.0,0.0,0.0,0.0,0.0,0.0,0.0,2.760186,0.0,232593.12,214883.66,2,0,1,10,28,32,2,0,1,10,30,33,2034,0.9333978108064063,0.9575943736840621
410000,64681,537836,3.4234532e-11,0.071428575,0.0,0.0,0.0,0.0,-1.0,0.0,0.0,0.0,0.0,0.0,0.0,0.0,0.0,2.4907374,0.0,100606.01,93262.164,0,0,3,2,28,35,0,0,3,4,28,38,1293,0.959174104857869,0.14638696059641232
410000,64693,537836,3.5210185e-11,0.29411766,26.897781,0.0,0.0,0.0,-1.0,0.0,0.0,0.0,0.0,0.0,0.0,0.0,0.0,2.599286,0.0,99319.85,74418.44,0,4,1,10,34,33,0,4,1,14,35,34,936,0.8948923799781315,0.7265336697696498
410000,56480,537836,0.0,0.5,14.235242,0.0,0.0,0.0,-1.0,0.0,0.0,0.0,0.0,0.0,0.0,0.0,0.0,0.8529584,0.0,46762.973,55424.17,2,0,2,9,18,31,2,0,2,10,18,32,1482,0.7495887885953632,0.8742356355503591
410000,137820,537836,1.2714647e-10,0.90909094,39.865177,40.653225,5.8076034,6.699289,10.920577,1.5483342,1.2165098,3.243836,0.0070614684,6.8019257,0.0,0.8446412,8.179652,2.8299093,0.0,77118.59,89137.15,0,2,1,20,22,33,0,2,1,21,24,35,1926,0.8550127718104061,0.9374891243724375
410000,137925,537836,9.6552315e-11,0.33333334,0.0,0.0,0.0,0.0,-1.0,0.0,0.0,0.0,0.0,0.0,0.0,0.0,0.0,2.825808,0.0,226366.28,237403.67,9,6,1,6,18,44,9,6,1,9,20,46,2413,0.8417012395387503,0.982657596428845
410000,107446,537836,0.0,0.33333334,0.0,3.1223345,3.1223345,3.1223345,3.1223345,-0.058655202,0.0,0.19062038,0.0,0.8698928,0.0,0.02246885,0.0,2.4160843,0.0,61520.086,29922.89,1,1,4,7,21,31,1,1,4,7,21,32,2079,0.834047346121586,0.9622894894356082
410000,117826,537836,0.0,0.625,22.334845,0.0,0.0,0.0,-1.0,0.0,0.0,0.0,0.0,0.0,0.0,0.0,0.0,2.4719598,0.0,129582.07,117446.516,1,2,0,10,16,36,1,2,0,10,16,37,1058,0.6673848229542187,0.38182336495779223
410000,138750,537836,1.2748932e-10,0.47058824,0.0,0.0,0.0,0.0,-1.0,0.0,0.0,0.0,0.0,0.0,0.0,0.0,0.0,2.9191935,0.0,45744.004,22638.494,1,2,1,8,17,32,1,2,1,9,18,32,1071,0.7246755286236983,0.626566630979877
410000,53563,537836,1.2281147e-10,0.25925925,15.900598,4.554862,2.2774308,2.3110254,2.670046,0.1630049,0.0,0.52499294,0.0,0.91898936,0.0,-0.029000556,0.0,4.6751266,0.0,68898.484,70199.086,1,4,0,7,27,49,1,4,0,10,28,60,918,0.3306816272282753,0.10277433332339125
410000,53592,537836,1.1612254e-10,0.4,0.0,0.0,0.0,0.0,-1.0,0.0,0.0,0.0,0.0,0.0,0.0,0.0,0.0,3.1569164,0.0,44949.03,46805.91,0,1,0,6,15,34,0,1,0,6,15,35,1033,0.744312879032842,0.6707629440034941
410000,73071,537836,3.1066408e-10,0.17948718,0.0,0.0,0.0,0.0,-1.0,0.0,0.0,0.0,0.0,0.0,0.0,0.0,0.0,2.63778,0.0,117215.82,104281.914,0,4,1,7,39,33,0,4,1,8,42,35,986,0.9264848742654785,0.7806110362951748
410000,109368,537836,1.1982516e-10,0.26086956,0.0,0.0,0.0,0.0,-1.0,0.0,0.0,0.0,0.0,0.0,0.0,0.0,0.0,3.9982994,0.0,194463.7,198362.77,0,0,0,12,46,57,0,0,0,13,48,58,2747,0.6602715892056825,0.9934015133413981
410000,109429,537836,1.4475839e-10,0.46153846,14.683057,0.0,0.0,0.0,-1.0,0.0,0.0,0.0,0.0,0.0,0.0,0.0,0.0,1.3331556,0.0,136515.03,132984.53,1,0,0,6,13,42,1,0,0,7,14,44,1296,0.7862229696966281,0.6839397443832629
410000,86515,537836,3.2753958e-12,0.75,72.772255,0.0,0.0,0.0,-1.0,0.0,0.0,0.0,0.0,0.0,0.0,0.0,0.0,2.6210802,0.0,148110.31,156230.88,3,1,0,9,12,44,3,1,0,10,12,47,1981,0.5748110409054059,0.7596271768426395
410000,57709,537836,0.0,0.5,5.033816,0.0,0.0,0.0,-1.0,0.0,0.0,0.0,0.0,0.0,0.0,0.0,0.0,2.6212864,0.0,260610.1,236240.94,1,2,2,12,24,32,2,2,3,17,27,36,1224,0.7483798290859698,0.5491581386833835
410000,58938,537836,1.5894913e-10,0.23529412,0.0,0.0,0.0,0.0,-1.0,0.0,0.0,0.0,0.0,0.0,0.0,0.0,0.0,2.808049,0.0,107453.39,89740.555,0,1,0,4,17,34,0,1,0,7,17,36,1590,0.8961088323428128,0.751837495736909
410000,138426,537836,1.5850812e-10,0.115384616,0.0,0.0,0.0,0.0,-1.0,0.0,0.0,0.0,0.0,0.0,0.0,0.0,0.0,3.3259585,0.0,66347.36,56553.082,1,0,1,3,26,31,1,0,1,3,26,31,958,0.909522508803783,0.38452192580866895
410000,145380,537836,1.825141e-10,0.5833333,0.0,0.0,0.0,0.0,-1.0,0.0,0.0,0.0,0.0,0.0,0.0,0.0,0.0,2.698984,0.0,50929.32,68751.12,1,0,2,7,12,33,1,0,2,7,12,35,1176,0.6516521790554919,0.3019094448486985
410000,145383,537836,1.0965877e-10,0.5652174,168.08649,0.0,0.0,0.0,-1.0,0.0,0.0,0.0,0.0,0.0,0.0,0.0,0.0,0.884381,0.0,189170.31,193460.34,2,0,1,13,23,31,2,0,1,13,24,31,1522,0.8364474402342887,0.8636002578100939
410000,108900,537836,1.5798025e-10,0.06896552,18.942327,28.612083,7.1530213,9.582332,18.11601,0.2085091,9.828295,2.8008847,2.1743238,1.3306727,0.04505149,0.04508944,0.0,1.4520144,0.0,73942.52,55594.89,0,0,0,2,29,39,0,0,0,4,30,40,1891,0.9621581950990523,0.6988245454963842
410000,54282,537836,2.8135586e-10,0.6785714,388.35663,0.0,0.0,0.0,-1.0,0.0,0.0,0.0,0.0,0.0,0.0,0.0,0.0,1.3875462,0.0,98406.84,92615.84,4,6,1,19,28,35,4,6,1,21,29,36,1864,0.8969702367755736,0.8366854884930217
410000,116771,537836,0.0,0.2857143,36.860622,0.0,0.0,0.0,-1.0,0.0,0.0,0.0,0.0,0.0,0.0,0.0,0.0,1.1408463,0.0,53725.527,68083.516,3,4,4,8,28,36,3,4,4,12,29,39,1246,0.9035551822792607,0.7065745563745265
410000,64323,537836,3.455444e-11,0.5,0.0,0.0,0.0,0.0,-1.0,0.0,0.0,0.0,0.0,0.0,0.0,0.0,0.0,1.8677719,0.0,82605.336,80754.75,1,1,3,11,22,37,2,1,3,11,23,39,1349,0.748494164734717,0.2560930972741696
410000,84510,537836,4.807402e-10,0.47619048,0.0,0.0,0.0,0.0,-1.0,0.0,0.0,0.0,0.0,0.0,0.0,0.0,0.0,3.1523936,0.0,60940.402,53147.4,0,0,0,10,21,33,0,0,0,11,24,35,1971,0.6695654068163759,0.9255855218692027
410000,84635,537836,1.641466e-10,0.47368422,0.0,16.082544,5.360849,6.3838134,10.20661,0.5879413,0.0,1.9543544,0.0,4.713035,0.0,0.0,0.0,0.8602006,0.0,388643.8,370185.6,9,16,3,9,19,42,14,21,4,10,20,44,3202,0.6516508434281824,0.9907405878121742
