runNumber,eventNumber,mcChannelNumber,eventWeight,nMSeg_ratio_BIBM_raw,track_scalar_sum_pt_barrel_raw,MS1Vtx_clusE_raw,MS1Vtx_avg_clusE_raw,MS1Vtx_rms_clusE_raw,MS1Vtx_maxclusE_raw,MS1Vtx_l1ecal_raw,MS1Vtx_l1hcal_raw,MS1Vtx_l2ecal_raw,MS1Vtx_l2hcal_raw,MS1Vtx_l3ecal_raw,MS1Vtx_l3hcal_raw,MS1Vtx_l4ecal_raw,MS1Vtx_l4hcal_raw,MS1Vtx_mindR_jetcut_raw,MS1Vtx_sumTrackPt0p2Cone_raw,htmiss_NOSYS,met_met_NOSYS,msegUnAssoc_nBIL,msegUnAssoc_nBML,msegUnAssoc_nBOL,msegUnAssoc_nEIL,msegUnAssoc_nEML,msegUnAssoc_nEOL,muSeg_nBIL,muSeg_nBML,muSeg_nBOL,muSeg_nEIL,muSeg_nEML,muSeg_nEOL,msvtx_nRPC_s,scoreNN1b,scoreNN2b,MSTracklet_barrel_avg_dR_raw,MSTracklet_barrel_rms_dR_raw,MSeg_barrel_avg_dR_raw,MSeg_barrel_rms_dR_raw,MS1Vtx_barrel_hits_ntot_raw,MSVtx_MET_dphi_raw,MS1Vtx_avg_clustime_raw,MS1Vtx_rms_clustime_raw,MS1Vtx_maxclustime_raw,MS1Vtx_nTracklet_raw,region,nMSeg_ratio_EIEM_raw,track_scalar_sum_pt_endcap_raw,msvtx_nTGC_s,scoreNN1e,scoreNN2e,MSTracklet_endcap_avg_dR_raw,MSTracklet_endcap_rms_dR_raw,MSeg_endcap_avg_dR_raw,MSeg_endcap_rms_dR_raw,MS1Vtx_endcap_hits_ntot_raw
410000,14314,537836,1.2791496e-10,0.47826087,0.0,12.730785,3.1826963,3.65505,6.154657,0.8733483,0.0,2.379908,0.4180679,3.2631373,0.0,0.32015604,0.0,1.9610363,0.0,45000.113,53601.82,11,23,17,5,5,7,13,25,18,6,6,8,1572.0,0.3384181478232374,0.7094643734616046,0.0,0.0,0.18383077,0.22018427,2366.0,0.2522446,-1.8986754,6.4873166,4.6483846,5.0,barrel,,,,,,,,,,
410000,46137,537836,0.0,0.6666667,5.686253,0.0,0.0,0.0,-1.0,0.0,0.0,0.0,0.0,0.0,0.0,0.0,0.0,1.2254773,0.0,49997.184,86793.68,8,12,18,15,3,6,8,13,19,16,4,7,4060.0,0.4991287634326774,0.7986358441562135,0.0,0.0,0.30151153,0.34069386,5361.0,0.5140439,0.0,0.0,-1.0,3.0,barrel,,,,,,,,,,
410000,48640,537836,1.3031991e-10,0.33333334,0.0,15.338238,1.3943852,1.7213851,3.5683591,0.44559747,0.0,2.4206977,1.0674893,3.8037136,0.049968846,0.026732871,0.0,2.6658623,0.0,165002.77,167925.83,7,21,19,3,3,2,7,21,19,3,3,2,3287.0,0.3760331811447145,0.8334013917392942,0.0,0.0,0.29778007,0.39288008,4452.0,0.2662691,0.89414555,3.7207346,5.007,3.0,barrel,,,,,,,,,,
410000,47000,537836,4.9692656e-10,0.14285715,0.0,0.0,0.0,0.0,-1.0,0.0,0.0,0.0,0.0,0.0,0.0,0.0,0.0,2.7124653,0.0,49517.14,21089.16,1,7,20,9,5,8,1,7,20,10,6,9,1977.0,0.5653772826853627,0.7367224173573232,0.0,0.0,0.33023614,0.40933678,2796.0,0.3509116,0.0,0.0,-1.0,3.0,barrel,,,,,,,,,,
410000,545,537836,4.1983726e-12,0.1,0.0,0.0,0.0,0.0,-1.0,0.0,0.0,0.0,0.0,0.0,0.0,0.0,0.0,2.0847962,0.0,116513.86,120586.44,1,10,22,9,1,3,1,10,23,9,1,3,1825.0,0.528063403599978,0.8798609270105694,0.0,0.0,0.21767147,0.27412993,2726.0,0.0059648156,0.0,0.0,-1.0,5.0,barrel,,,,,,,,,,
410000,127442,537836,0.0,0.75,0.0,19.022635,2.7175193,3.1547096,5.0379786,0.39501458,0.0,1.7736679,0.929059,5.795187,0.3120432,0.28626746,-0.0019789112,1.9726639,0.0,204415.77,177865.33,15,20,17,9,2,2,15,20,17,9,2,2,1942.0,0.1891266560915869,0.9529746385461308,0.0,0.0,0.29278648,0.3490731,2976.0,0.4379921,-5.09737,7.7561307,2.5325468,9.0,barrel,,,,,,,,,,
410000,127520,537836,0.0,0.46153846,0.0,0.0,0.0,0.0,-1.0,0.0,0.0,0.0,0.0,0.0,0.0,0.0,0.0,1.2741638,0.8388076,79201.29,73844.94,6,13,19,16,3,4,10,16,20,16,3,4,1120.0,0.2579931991964078,0.739378467804369,0.0,0.0,0.17749827,0.21102251,1591.0,0.16547501,0.0,0.0,-1.0,6.0,barrel,,,,,,,,,,
410000,84931,537836,1.3553032e-10,0.09090909,16.535645,0.0,0.0,0.0,-1.0,0.0,0.0,0.0,0.0,0.0,0.0,0.0,0.0,2.6099646,0.0,64543.477,67389.01,2,22,23,7,1,0,2,23,24,7,1,0,1399.0,0.5895615524258935,0.4022346808394673,0.756574,0.75658023,0.10836563,0.13401642,1873.0,0.6485505,0.0,0.0,-1.0,3.0,barrel,,,,,,,,,,
410000,34561,537836,3.2225325e-10,0.18518518,13.1408415,3.4250221,1.7125111,1.9383837,2.6206064,1.1889989,0.0,0.47199914,0.0,0.00899441,0.0,0.0,0.0,1.6628268,0.0,66137.18,61663.586,5,27,22,3,3,2,5,27,22,3,3,2,2567.0,0.5168246624206674,0.8859809749721868,0.0,0.0,0.21123813,0.22629061,3225.0,0.58471376,-0.97507936,1.3789704,0.0,5.0,barrel,,,,,,,,,,
410000,147617,537836,1.3972885e-10,0.37931034,0.0,0.0,0.0,0.0,-1.0,0.0,0.0,0.0,0.0,0.0,0.0,0.0,0.0,2.930174,0.0,66369.12,55528.344,11,29,21,3,2,5,13,33,24,4,3,5,2016.0,0.57722933757028,0.9213841353734517,0.0,0.0,0.12728082,0.14608134,2973.0,0.050966084,0.0,0.0,-1.0,6.0,barrel,,,,,,,,,,
410000,121446,537836,1.16097465e-10,0.13043478,0.0,0.0,0.0,0.0,-1.0,0.0,0.0,0.0,0.0,0.0,0.0,0.0,0.0,1.2600483,0.0,75712.45,80977.75,3,23,19,13,6,5,4,25,22,13,6,5,1697.0,0.4781521071498678,0.6052451796081368,0.0,0.0,0.188657,0.26379436,2298.0,1.8683954,0.0,0.0,-1.0,4.0,barrel,,,,,,,,,,
410000,1592,537836,1.53913e-10,0.11111111,5.671481,0.53160363,0.53160363,0.53160363,0.53160363,0.0,0.0,0.0,0.012943319,0.11600184,0.0,0.092999786,0.0,0.8271943,0.0,59521.844,54237.117,3,27,16,4,3,11,3,28,17,6,4,12,1244.0,0.5736343305342677,0.0913971330283014,0.0,0.0,0.17623283,0.2159994,1842.0,2.4977355,5.7982216,5.7982216,5.7982216,3.0,barrel,,,,,,,,,,
410000,28254,537836,1.1589069e-10,0.72727275,0.0,0.0,0.0,0.0,-1.0,0.0,0.0,0.0,0.0,0.0,0.0,0.0,0.0,2.0157127,0.0,42871.438,44878.562,8,11,17,7,2,3,10,14,19,8,3,4,2323.0,0.5327981562365247,0.9511094455970196,0.0,0.0,0.17904744,0.26747546,3035.0,0.25331545,0.0,0.0,-1.0,8.0,barrel,,,,,,,,,,
410000,97217,537836,1.2764416e-10,0.12,0.0,0.0,0.0,0.0,-1.0,0.0,0.0,0.0,0.0,0.0,0.0,0.0,0.0,3.3064687,0.0,81002.31,84294.95,3,25,23,0,0,1,3,25,23,0,0,1,2760.0,0.6023573663781847,0.8901094627751076,0.0,0.0,0.21678577,0.23127054,3642.0,0.7058673,0.0,0.0,-1.0,5.0,barrel,,,,,,,,,,
410000,45650,537836,9.1950066e-11,0.32,0.0,0.0,0.0,0.0,-1.0,0.0,0.0,0.0,0.0,0.0,0.0,0.0,0.0,2.6009426,0.0,234817.17,253075.98,16,50,22,5,2,2,16,50,22,5,2,2,2944.0,0.5578747357571876,0.9028636916799734,0.0,0.0,0.21975961,0.29400235,4249.0,0.10748345,0.0,0.0,-1.0,3.0,barrel,,,,,,,,,,
410000,132309,537836,1.3383503e-10,0.5714286,0.0,0.0,0.0,0.0,-1.0,0.0,0.0,0.0,0.0,0.0,0.0,0.0,0.0,2.5477233,0.0,58909.09,47779.082,4,7,19,4,2,2,7,10,22,6,3,2,1137.0,0.5580360174879299,0.223343376142726,0.0,0.0,0.15822226,0.16915974,1638.0,0.68997025,0.0,0.0,-1.0,3.0,barrel,,,,,,,,,,
410000,65299,537836,1.6944181e-10,0.032258064,20.851437,0.0,0.0,0.0,-1.0,0.0,0.0,0.0,0.0,0.0,0.0,0.0,0.0,2.7138226,0.0,92293.305,64670.242,1,31,37,8,5,3,1,36,40,9,6,4,1972.0,0.6040592509341254,0.6683943982427046,0.0,0.0,0.15870222,0.2432886,2651.0,0.609725,0.0,0.0,-1.0,3.0,barrel,,,,,,,,,,
410000,132762,537836,1.9568346e-10,0.42857143,0.0,0.0,0.0,0.0,-1.0,0.0,0.0,0.0,0.0,0.0,0.0,0.0,0.0,3.88613,0.0,73276.02,71615.375,3,7,20,14,4,6,3,7,20,15,7,8,2503.0,0.6328852703262037,0.8496713345535821,0.0,0.0,0.2170586,0.25201616,3475.0,0.19616032,0.0,0.0,-1.0,3.0,barrel,,,,,,,,,,
410000,125298,537836,1.9771412e-10,0.16666667,0.0,0.0,0.0,0.0,-1.0,0.0,0.0,0.0,0.0,0.0,0.0,0.0,0.0,1.1857404,0.0,61479.824,55203.203,2,12,17,5,0,1,2,14,18,6,2,4,1235.0,0.4740992707111626,0.2137323723113892,0.0,0.0,0.15299223,0.2402033,1639.0,0.8192631,0.0,0.0,-1.0,3.0,barrel,,,,,,,,,,
410000,101621,537836,1.246884e-10,0.18181819,19.749489,0.0,0.0,0.0,-1.0,0.0,0.0,0.0,0.0,0.0,0.0,0.0,0.0,2.4690535,0.0,137645.25,135857.62,6,33,34,8,1,4,11,38,39,8,1,4,2021.0,0.5844881645026611,0.8309796592155574,0.0,0.0,0.15116668,0.19212592,2840.0,0.85165423,0.0,0.0,-1.0,4.0,barrel,,,,,,,,,,
410000,123451,537836,1.2220472e-10,0.06666667,0.0,0.0,0.0,0.0,-1.0,0.0,0.0,0.0,0.0,0.0,0.0,0.0,0.0,2.534962,0.0,48169.33,57670.227,1,15,32,5,1,4,1,16,32,5,1,4,1399.0,0.5571329888097389,0.3894219436613113,0.0,0.0,0.19455016,0.21013519,2265.0,2.9290886,0.0,0.0,-1.0,4.0,barrel,,,,,,,,,,
410000,121713,537836,1.124768e-10,0.15789473,33.244686,0.0,0.0,0.0,-1.0,0.0,0.0,0.0,0.0,0.0,0.0,0.0,0.0,3.047585,0.0,121879.22,131863.47,3,19,19,4,1,3,3,19,19,4,1,3,2969.0,0.6380242573166732,0.932679428052074,0.0,0.0,0.29222405,0.31309047,4066.0,0.027095702,0.0,0.0,-1.0,4.0,barrel,,,,,,,,,,
410000,35386,537836,1.9336627e-10,0.0,0.0,0.0,0.0,0.0,-1.0,0.0,0.0,0.0,0.0,0.0,0.0,0.0,0.0,2.4037867,0.0,100811.19,50136.24,0,20,22,11,3,7,0,21,23,11,3,7,981.0,0.5512441051523276,0.1544203187448184,0.0,0.0,0.12369574,0.18576519,1367.0,2.601039,0.0,0.0,-1.0,4.0,barrel,,,,,,,,,,
410000,133196,537836,1.2873232e-10,0.13636364,43.50521,0.0,0.0,0.0,-1.0,0.0,0.0,0.0,0.0,0.0,0.0,0.0,0.0,1.1862355,0.0,53455.34,42405.61,3,22,23,8,4,0,5,22,25,8,4,0,3025.0,0.5461942347550334,0.906553754209718,0.0,0.0,0.29811326,0.39350736,3875.0,0.5570245,0.0,0.0,-1.0,5.0,barrel,,,,,,,,,,
410000,65809,537836,1.3147015e-10,0.4,5.752196,5.768616,1.9228721,2.1706603,3.2585483,0.126,0.0,0.6290078,1.9575313,0.7660112,-0.023079423,-0.050001398,0.0,2.4661376,0.0,60417.39,57746.477,2,5,25,6,1,2,2,5,27,6,1,3,2091.0,0.3940101228859559,0.8999090145735954,0.6319139,0.6319139,0.23052043,0.26743358,3048.0,0.34171784,-4.906754,6.9224424,1.2662647,6.0,barrel,,,,,,,,,,
410000,41327,537836,0.0,0.33333334,0.0,0.0,0.0,0.0,-1.0,0.0,0.0,0.0,0.0,0.0,0.0,0.0,0.0,3.0572526,0.0,81344.57,82096.06,5,15,17,3,0,1,5,16,18,4,0,1,1257.0,0.5843425757364069,0.3079739516666155,0.0,0.0,0.18040545,0.2707803,1845.0,0.5447571,0.0,0.0,-1.0,3.0,barrel,,,,,,,,,,
410000,106291,537836,4.9404684e-14,0.5,9.07014,0.0,0.0,0.0,-1.0,0.0,0.0,0.0,0.0,0.0,0.0,0.0,0.0,2.223719,0.0,156949.73,161216.81,11,22,21,10,2,2,13,24,23,10,2,2,1757.0,0.553209598905002,0.6598244451767747,0.0,0.0,0.22637227,0.3105288,2622.0,0.1594336,0.0,0.0,-1.0,3.0,barrel,,,,,,,,,,
410000,132447,537836,1.7737628e-10,0.5,0.0,0.0,0.0,0.0,-1.0,0.0,0.0,0.0,0.0,0.0,0.0,0.0,0.0,2.9782777,0.0,87564.84,86457.71,3,6,19,2,6,4,4,7,19,2,6,4,2742.0,0.5819197727969377,0.846989863373811,0.30423397,0.30423397,0.2935788,0.3777435,3860.0,0.49294832,0.0,0.0,-1.0,3.0,barrel,,,,,,,,,,
410000,96706,537836,1.8138822e-10,0.72727275,0.0,0.0,0.0,0.0,-1.0,0.0,0.0,0.0,0.0,0.0,0.0,0.0,0.0,3.1432743,0.0,72382.586,47427.133,16,22,16,12,4,8,18,24,18,12,7,12,1481.0,0.5954588828129799,0.8883394998578169,0.0,0.0,0.14993168,0.20633556,2181.0,0.027820587,0.0,0.0,-1.0,7.0,barrel,,,,,,,,,,
410000,71911,537836,1.0275587e-10,0.36363637,21.073248,0.0,0.0,0.0,-1.0,0.0,0.0,0.0,0.0,0.0,0.0,0.0,0.0,3.0080829,0.0,170054.23,179211.3,4,11,16,3,1,11,5,11,17,5,1,12,1644.0,0.6172291128381959,0.7016108953448255,0.0,0.0,0.23406926,0.28741002,2763.0,0.054893494,0.0,0.0,-1.0,3.0,barrel,,,,,,,,,,
410000,99489,537836,1.2040698e-10,0.25,5.3708963,0.0,0.0,0.0,-1.0,0.0,0.0,0.0,0.0,0.0,0.0,0.0,0.0,2.074035,0.0,40312.312,44483.535,3,12,22,3,1,3,3,12,22,4,2,3,2092.0,0.5349863634428531,0.9015799735210815,0.0,0.0,0.20604242,0.23239288,2770.0,0.8784652,0.0,0.0,-1.0,6.0,barrel,,,,,,,,,,
410000,88311,537836,6.1239235e-14,0.35714287,0.0,0.0,0.0,0.0,-1.0,0.0,0.0,0.0,0.0,0.0,0.0,0.0,0.0,3.1385844,0.0,51730.414,52570.766,5,14,18,9,14,17,7,14,20,13,14,21,1475.0,0.5895415813220921,0.4896298497076242,0.0,0.0,0.23157561,0.30334243,2230.0,0.020127535,0.0,0.0,-1.0,3.0,barrel,,,,,,,,,,
410000,60829,537836,1.5537324e-10,0.45454547,0.0,0.50866336,0.50866336,0.50866336,0.50866336,-0.13499838,0.0,0.039003246,0.0,0.28400415,0.0,0.02899993,0.0,3.047411,0.0,84766.79,88774.6,5,11,28,4,2,3,5,11,30,4,3,4,1985.0,0.7058822747549582,0.9224716468704404,0.0,0.0,0.17250156,0.21734063,3137.0,0.16617131,-3.6433825,3.6433825,-3.6433825,6.0,barrel,,,,,,,,,,
410000,24042,537836,9.6150685e-11,0.26666668,5.341702,0.0,0.0,0.0,-1.0,0.0,0.0,0.0,0.0,0.0,0.0,0.0,0.0,1.7630599,0.0,77828.055,91287.04,8,30,20,3,2,3,11,32,24,3,3,4,1088.0,0.515903463987585,0.7611423032609002,0.0,0.0,0.14291053,0.16521038,1581.0,0.8624645,0.0,0.0,-1.0,6.0,barrel,,,,,,,,,,
410000,136687,537836,3.553716e-11,0.07692308,14.036414,0.0,0.0,0.0,-1.0,0.0,0.0,0.0,0.0,0.0,0.0,0.0,0.0,2.9196756,0.0,71250.21,75586.15,2,26,19,7,0,0,4,27,20,7,0,0,1398.0,0.6048008104506339,0.5831417589160701,0.0,0.0,0.16969612,0.20618142,1960.0,0.22910905,0.0,0.0,-1.0,4.0,barrel,,,,,,,,,,
410000,32047,537836,1.9047078e-10,0.10526316,0.0,0.0,0.0,0.0,-1.0,0.0,0.0,0.0,0.0,0.0,0.0,0.0,0.0,2.7623203,0.0,97363.7,87274.336,2,19,17,7,1,1,2,19,18,7,1,1,1257.0,0.5696558227962563,0.9272250731894164,0.0,0.0,0.17013092,0.24544238,1658.0,1.7398212,0.0,0.0,-1.0,9.0,barrel,,,,,,,,,,
410000,33889,537836,1.2587927e-10,1.5,0.0,8.183819,2.7279396,3.2424994,5.171539,-0.0070130313,0.0,0.6130052,0.06713186,1.3870175,0.0,1.9600017,0.0,3.0974553,0.0,58488.996,57970.812,12,8,17,2,0,0,12,8,17,2,0,0,2454.0,0.3053859766302014,0.8704338137495569,0.0,0.0,0.36458203,0.40582013,3651.0,0.32688546,2.9155333,3.072136,4.270242,4.0,barrel,,,,,,,,,,
410000,69843,537836,1.2836784e-10,0.0,10.558979,0.0,0.0,0.0,-1.0,0.0,0.0,0.0,0.0,0.0,0.0,0.0,0.0,2.0245926,0.0,128222.484,120404.69,0,23,21,10,3,2,0,23,21,10,3,2,1856.0,0.5460760354493254,0.7626639671024382,0.0,0.0,0.18602036,0.23456383,3028.0,0.35682654,0.0,0.0,-1.0,3.0,barrel,,,,,,,,,,
410000,67077,537836,3.1744213e-10,0.3846154,0.0,0.0,0.0,0.0,-1.0,0.0,0.0,0.0,0.0,0.0,0.0,0.0,0.0,3.0601969,0.0,66389.75,75486.516,5,13,19,10,1,5,5,15,21,10,1,5,1929.0,0.5847205728717116,0.8463756401327678,0.0,0.0,0.21773317,0.27534568,2841.0,0.25705206,0.0,0.0,-1.0,4.0,barrel,,,,,,,,,,
410000,50539,537836,2.0181753e-10,0.2173913,15.927259,0.0,0.0,0.0,-1.0,0.0,0.0,0.0,0.0,0.0,0.0,0.0,0.0,2.529641,0.0,52160.305,26362.336,5,23,42,13,5,6,6,23,43,14,8,9,2852.0,0.5806587212108278,0.6906643431065911,0.0,0.0,0.20977016,0.2474015,4075.0,1.0366689,0.0,0.0,-1.0,3.0,barrel,,,,,,,,,,
410000,69936,537836,1.7866693e-10,0.6923077,56.817116,0.0,0.0,0.0,-1.0,0.0,0.0,0.0,0.0,0.0,0.0,0.0,0.0,1.3355596,0.0,73058.484,76187.48,9,13,16,4,3,1,10,13,18,4,3,1,3054.0,0.5909747308496149,0.9405087901396952,0.0,0.0,0.289016,0.34145227,4089.0,0.1513479,0.0,0.0,-1.0,5.0,barrel,,,,,,,,,,
410000,131520,537836,1.5560508e-10,0.0,0.0,0.0,0.0,0.0,-1.0,0.0,0.0,0.0,0.0,0.0,0.0,0.0,0.0,2.1499982,0.0,80066.766,89448.414,0,15,18,11,0,1,0,16,19,11,1,3,1673.0,0.5351785222910928,0.7229425798062068,0.0,0.0,0.15284118,0.25229222,2293.0,0.5706087,0.0,0.0,-1.0,4.0,barrel,,,,,,,,,,
410000,108941,537836,1.6569962e-10,0.13043478,0.0,0.0,0.0,0.0,-1.0,0.0,0.0,0.0,0.0,0.0,0.0,0.0,0.0,2.614215,0.0,60945.754,56292.03,3,23,19,5,1,0,5,25,19,5,2,2,1868.0,0.5598206743085336,0.9209973092279448,0.0,0.0,0.23164219,0.2832557,2592.0,0.516083,0.0,0.0,-1.0,7.0,barrel,,,,,,,,,,
410000,51189,537836,1.2911847e-10,0.0,0.0,0.0,0.0,0.0,-1.0,0.0,0.0,0.0,0.0,0.0,0.0,0.0,0.0,2.3597202,0.0,67852.6,75363.51,0,25,19,5,2,2,0,25,21,5,2,3,2173.0,0.5484612735306273,0.8723680145454009,0.0,0.0,0.16786477,0.23960653,3097.0,0.1534541,0.0,0.0,-1.0,4.0,barrel,,,,,,,,,,
410000,51591,537836,1.3190465e-10,0.33333334,0.0,0.0,0.0,0.0,-1.0,0.0,0.0,0.0,0.0,0.0,0.0,0.0,0.0,4.9011197,0.0,40972.39,32998.117,2,6,21,5,2,6,6,10,23,6,3,6,1905.0,0.6848222374145587,0.887636375273806,0.0,0.0,0.19352604,0.25259998,2481.0,0.11439633,0.0,0.0,-1.0,6.0,barrel,,,,,,,,,,
410000,64360,537836,2.977591e-10,0.42857143,0.0,0.0,0.0,0.0,-1.0,0.0,0.0,0.0,0.0,0.0,0.0,0.0,0.0,2.2705364,0.0,137991.9,141989.22,15,35,36,11,6,10,17,36,37,14,8,10,3164.0,0.53850046082405,0.7850338083404261,0.0,0.0,0.284325,0.3462367,4590.0,0.6632142,0.0,0.0,-1.0,3.0,barrel,,,,,,,,,,
410000,119700,537836,1.2590362e-10,,,0.0,0.0,0.0,-1.0,0.0,0.0,0.0,0.0,0.0,0.0,0.0,0.0,3.3697128,0.0,50566.43,54054.344,1,2,1,3,9,40,1,2,1,3,9,40,,,,,,,,,0.024990678,0.0,0.0,-1.0,4.0,endcap,0.33333334,5.252223,1294.0,0.7625681555700808,0.2106467897656533,0.0,0.0,0.33730888,0.39267352,2664.0
410000,43059,537836,1.3765335e-10,,,0.0,0.0,0.0,-1.0,0.0,0.0,0.0,0.0,0.0,0.0,0.0,0.0,2.8828351,0.0,79955.086,64267.332,3,2,0,7,10,38,3,2,0,8,11,42,,,,,,,,,0.6614323,0.0,0.0,-1.0,5.0,endcap,0.7,0.0,2531.0,0.5022687187639696,0.9718849895419512,0.5292312,0.5292312,0.4727269,0.5186563,4998.0
410000,43053,537836,1.4320443e-10,,,0.0,0.0,0.0,-1.0,0.0,0.0,0.0,0.0,0.0,0.0,0.0,0.0,3.13989,0.0,80588.734,93269.84,1,1,3,3,18,36,1,2,4,3,18,36,,,,,,,,,0.06814194,0.0,0.0,-1.0,9.0,endcap,0.16666667,0.0,1301.0,0.9022247668801212,0.7940611432399761,0.9274988,0.9274988,0.29583895,0.36566764,2445.0
410000,123951,537836,9.3066096e-11,,,0.0,0.0,0.0,-1.0,0.0,0.0,0.0,0.0,0.0,0.0,0.0,0.0,2.4329298,0.0,247719.3,228187.72,6,3,1,2,7,37,6,3,1,2,9,46,,,,,,,,,0.40911406,0.0,0.0,-1.0,5.0,endcap,0.2857143,20.536297,1253.0,0.9018947185712656,0.2073191532683411,0.0,0.0,0.54360205,0.6721282,2236.0
410000,89138,537836,1.8240647e-11,,,0.0,0.0,0.0,-1.0,0.0,0.0,0.0,0.0,0.0,0.0,0.0,0.0,1.2119716,0.0,72792.3,113917.41,5,8,2,9,33,44,5,8,2,14,33,46,,,,,,,,,0.040100932,0.0,0.0,-1.0,3.0,endcap,0.27272728,31.282751,1945.0,0.90666077285185,0.476186339597602,0.0,0.0,0.41424686,0.48032635,3433.0
410000,5557,537836,1.6172001e-10,,,0.0,0.0,0.0,-1.0,0.0,0.0,0.0,0.0,0.0,0.0,0.0,0.0,1.2256701,0.0,114255.99,125887.86,0,1,1,9,14,32,0,1,1,9,15,33,,,,,,,,,0.07724315,0.0,0.0,-1.0,7.0,endcap,0.64285713,65.58182,1024.0,0.6868555009291822,0.3175720075640987,0.0,0.0,0.43934527,0.4977262,1941.0
410000,45204,537836,1.4483723e-10,,,19.027132,6.342378,6.835273,9.179747,0.1463518,1.0530385,1.4757646,-0.11229357,2.7042572,0.0,1.2032969,0.0,1.1585163,0.0,40527.668,25324.492,0,0,0,8,11,31,0,0,0,8,11,31,,,,,,,,,3.0480957,-2.4258177,3.9952416,1.3135346,11.0,endcap,0.72727275,0.0,1129.0,0.5694326759913432,0.8310461220491314,0.0,0.0,0.37200144,0.4170381,1930.0
410000,38758,537836,1.3285033e-10,,,0.0,0.0,0.0,-1.0,0.0,0.0,0.0,0.0,0.0,0.0,0.0,0.0,2.739902,0.0,46893.55,26154.553,2,2,1,5,14,31,2,2,1,5,17,33,,,,,,,,,1.0839721,0.0,0.0,-1.0,3.0,endcap,0.35714287,0.0,1344.0,0.8354722698143929,0.2029701831429051,0.0,0.0,0.35365495,0.40440604,2733.0
410000,28084,537836,1.3587045e-10,,,0.0,0.0,0.0,-1.0,0.0,0.0,0.0,0.0,0.0,0.0,0.0,0.0,1.0464871,0.0,45763.723,44594.195,3,0,1,6,43,44,3,0,1,7,45,45,,,,,,,,,0.45810515,0.0,0.0,-1.0,8.0,endcap,0.13953489,23.578867,1028.0,0.9464307555001878,0.7422420256947042,0.8751872,0.8751872,0.505716,0.5349722,2237.0
410000,46453,537836,0.0,,,0.0,0.0,0.0,-1.0,0.0,0.0,0.0,0.0,0.0,0.0,0.0,0.0,3.0699604,0.0,158468.42,159959.38,7,1,1,9,11,41,8,2,1,11,12,41,,,,,,,,,0.2599933,0.0,0.0,-1.0,7.0,endcap,0.8181818,0.0,2671.0,0.4003780626150839,0.9839379424136354,0.0,0.0,0.53796583,0.5761202,4700.0
410000,197,537836,3.689648e-12,,,0.0,0.0,0.0,-1.0,0.0,0.0,0.0,0.0,0.0,0.0,0.0,0.0,2.5916717,0.0,113908.74,130674.81,3,2,2,10,12,37,3,2,2,10,12,37,,,,,,,,,0.503906,0.0,0.0,-1.0,6.0,endcap,0.8333333,0.0,1810.0,0.4755939099318701,0.8100253523514929,0.0,0.0,0.4397974,0.47753584,3289.0
410000,12014,537836,5.8325056e-14,,,0.0,0.0,0.0,-1.0,0.0,0.0,0.0,0.0,0.0,0.0,0.0,0.0,2.745733,0.0,52924.742,38790.254,2,3,4,18,28,33,2,3,4,18,35,41,,,,,,,,,3.1036725,0.0,0.0,-1.0,7.0,endcap,0.64285713,0.0,1502.0,0.5830800816526306,0.6428209307136972,0.0,0.0,0.4566928,0.5212619,3041.0
410000,98206,537836,4.9286e-10,,,0.0,0.0,0.0,-1.0,0.0,0.0,0.0,0.0,0.0,0.0,0.0,0.0,3.4726818,0.0,92417.91,96309.445,1,1,1,9,34,38,1,2,1,12,38,45,,,,,,,,,0.60826695,0.0,0.0,-1.0,5.0,endcap,0.2647059,135.07396,905.0,0.8803218880556897,0.2596319483764839,0.49453267,0.51432014,0.31467852,0.40589967,2123.0
410000,98208,537836,4.2609724e-10,,,0.0,0.0,0.0,-1.0,0.0,0.0,0.0,0.0,0.0,0.0,0.0,0.0,3.0353096,0.0,191352.52,201098.19,0,1,8,6,15,38,0,1,9,6,16,40,,,,,,,,,0.2649135,0.0,0.0,-1.0,3.0,endcap,0.4,7.6860776,2000.0,0.7721882786198834,0.7742446272432532,0.0,0.0,0.5405393,0.6127489,3990.0
410000,19772,537836,1.2426532e-10,,,6.7064476,6.7064476,6.7064476,6.7064476,0.007275814,0.0,0.83669436,0.0,2.0210717,0.0,-0.012044264,0.0,2.4768536,0.0,60644.523,58046.477,2,2,2,8,17,36,2,2,2,8,19,37,,,,,,,,,0.6605283,2.2731543,2.2731543,2.2731543,3.0,endcap,0.47058824,16.2316,1979.0,0.6354927657213217,0.5145420947573168,0.73539096,0.7609472,0.52327204,0.5685675,3586.0
410000,86573,537836,3.3437106e-10,,,0.0,0.0,0.0,-1.0,0.0,0.0,0.0,0.0,0.0,0.0,0.0,0.0,3.0022712,0.0,61653.71,63875.062,1,0,1,12,36,34,1,0,1,12,42,38,,,,,,,,,0.23945725,0.0,0.0,-1.0,7.0,endcap,0.33333334,28.928543,1125.0,0.841484798234482,0.5962871055695576,0.0,0.0,0.49622923,0.5715859,2585.0
410000,139913,537836,1.4756162e-10,,,0.0,0.0,0.0,-1.0,0.0,0.0,0.0,0.0,0.0,0.0,0.0,0.0,0.8311653,0.0,41436.43,28476.38,0,3,1,9,14,38,0,3,1,9,14,38,,,,,,,,,2.038649,0.0,0.0,-1.0,3.0,endcap,0.64285713,20.01741,1892.0,0.6495497065769316,0.4703671865082351,0.0,0.0,0.44417664,0.50556606,3709.0
410000,47859,537836,0.0,,,0.0,0.0,0.0,-1.0,0.0,0.0,0.0,0.0,0.0,0.0,0.0,0.0,1.2425336,0.0,61862.83,67802.28,1,1,2,13,38,42,1,1,2,14,41,45,,,,,,,,,0.8373776,0.0,0.0,-1.0,5.0,endcap,0.34210527,0.0,1222.0,0.8541614959022441,0.4993610016859731,0.0,0.0,0.32251337,0.39007297,2802.0
410000,108137,537836,1.5980095e-10,,,21.435965,7.1453223,8.296248,13.072108,2.735416,-0.43501747,1.3074651,0.0,1.9538109,0.0,0.51959646,0.0,6.054918,3.1712623,95218.29,52189.156,2,1,2,9,16,32,2,1,2,9,19,36,,,,,,,,,0.6860144,2.1276133,2.611563,3.4040916,9.0,endcap,0.5625,0.0,1634.0,0.0039152945626578,0.9416289639091948,0.8089742,0.8089742,0.5153166,0.56846106,3345.0
410000,109720,537836,1.329118e-10,,,0.0,0.0,0.0,-1.0,0.0,0.0,0.0,0.0,0.0,0.0,0.0,0.0,2.7420285,0.0,68225.58,63631.668,0,0,0,8,32,43,0,0,0,10,33,46,,,,,,,,,0.5922606,0.0,0.0,-1.0,4.0,endcap,0.25,0.0,1307.0,0.8939234967444669,0.1798070765500738,0.0,0.0,0.4510583,0.5010197,2414.0
410000,60037,537836,1.10028146e-10,,,0.0,0.0,0.0,-1.0,0.0,0.0,0.0,0.0,0.0,0.0,0.0,0.0,1.5797436,0.0,323278.38,326113.34,0,0,0,11,12,31,0,0,0,11,13,31,,,,,,,,,0.010342807,0.0,0.0,-1.0,3.0,endcap,0.9166667,177.03564,1462.0,0.5884891241058332,0.4515275035617798,0.0,0.0,0.39958665,0.47033933,3393.0
410000,120831,537836,1.9124022e-10,,,0.0,0.0,0.0,-1.0,0.0,0.0,0.0,0.0,0.0,0.0,0.0,0.0,3.0085378,0.0,50958.355,35144.105,0,1,0,7,22,36,0,1,0,9,23,37,,,,,,,,,2.076291,0.0,0.0,-1.0,10.0,endcap,0.3181818,0.0,1088.0,0.8315662052332505,0.755542964820795,0.0,0.0,0.37039796,0.46326077,2064.0
410000,134953,537836,1.3557548e-10,,,0.0,0.0,0.0,-1.0,0.0,0.0,0.0,0.0,0.0,0.0,0.0,0.0,6.295313,0.0,68525.48,74049.42,0,0,2,5,42,31,0,0,2,5,46,36,,,,,,,,,0.5568714,0.0,0.0,-1.0,9.0,endcap,0.11904762,0.0,1099.0,0.2044400952256567,0.8181810792105411,0.9604991,0.9605646,0.53138053,0.5964145,2257.0
410000,147149,537836,1.4521764e-10,,,0.0,0.0,0.0,-1.0,0.0,0.0,0.0,0.0,0.0,0.0,0.0,0.0,1.3562268,0.0,67759.766,74774.32,6,5,2,13,19,31,6,5,2,16,20,34,,,,,,,,,0.36195993,0.0,0.0,-1.0,16.0,endcap,0.68421054,41.061123,1665.0,0.6316516411869183,0.9969739712233244,0.94860685,0.9486101,0.46840176,0.528405,3142.0
410000,12163,537836,0.0,,,0.0,0.0,0.0,-1.0,0.0,0.0,0.0,0.0,0.0,0.0,0.0,0.0,2.0179138,0.0,115217.7,116056.44,3,2,2,14,18,38,4,2,2,17,21,42,,,,,,,,,1.2054751,0.0,0.0,-1.0,5.0,endcap,0.7777778,27.180944,1062.0,0.5443617449590221,0.2323652337650318,0.6053522,0.6504687,0.2166383,0.3091879,2020.0
410000,62022,537836,4.9597204e-10,,,2.230928,2.230928,2.230928,2.230928,0.0,0.0,0.0,0.89803225,-0.2784464,0.28251117,0.0,0.017655678,3.132828,0.0,77057.234,79908.9,0,1,0,8,9,40,0,1,0,11,13,44,,,,,,,,,0.06967777,-0.86490965,0.86490965,-0.86490965,5.0,endcap,0.8888889,0.0,995.0,0.3068645451962406,0.1378930375734399,0.0,0.0,0.36018628,0.40935346,1895.0
410000,38230,537836,1.1888987e-10,,,0.0,0.0,0.0,-1.0,0.0,0.0,0.0,0.0,0.0,0.0,0.0,0.0,2.925412,0.0,113096.95,101890.945,1,6,3,16,50,36,1,6,3,19,52,40,,,,,,,,,0.8949549,0.0,0.0,-1.0,4.0,endcap,0.32,14.280475,1040.0,0.8490883359592151,0.213845228630451,0.5481421,0.5517194,0.43409717,0.49753687,2291.0
410000,85487,537836,1.1685196e-10,,,0.0,0.0,0.0,-1.0,0.0,0.0,0.0,0.0,0.0,0.0,0.0,0.0,2.6510808,0.0,103733.734,89905.5,1,0,1,7,12,37,1,0,1,8,14,39,,,,,,,,,1.2244838,0.0,0.0,-1.0,4.0,endcap,0.5833333,0.0,1118.0,0.6600756574922699,0.1920939405972631,0.95432925,0.95432925,0.44504943,0.5079499,2108.0
410000,85555,537836,8.442423e-11,,,35.794487,3.9771657,4.458958,7.860715,3.786166,3.6716187,3.9085562,0.058864366,4.696749,0.0,0.22994116,0.0,1.430358,0.0,180985.14,189651.67,1,0,2,4,20,32,1,0,2,4,20,32,,,,,,,,,0.15684652,-0.3629228,1.8063848,1.641923,7.0,endcap,0.2,9.096668,2265.0,0.9952324914525408,0.951086486644064,0.0,0.0,0.52228856,0.5506479,3944.0
410000,99538,537836,1.218912e-10,,,0.0,0.0,0.0,-1.0,0.0,0.0,0.0,0.0,0.0,0.0,0.0,0.0,2.127933,0.0,135254.94,133720.66,5,2,0,6,33,37,5,2,0,6,34,37,,,,,,,,,0.34185505,0.0,0.0,-1.0,7.0,endcap,0.18181819,15.0197735,1787.0,0.9403205959168236,0.9428690344099788,0.47756374,0.47756374,0.5095919,0.5484258,3623.0
410000,88151,537836,0.0,,,0.0,0.0,0.0,-1.0,0.0,0.0,0.0,0.0,0.0,0.0,0.0,0.0,3.060637,0.0,100607.54,88095.77,2,2,0,13,20,45,2,2,0,15,20,46,,,,,,,,,0.12941706,0.0,0.0,-1.0,11.0,endcap,0.65,86.68366,1268.0,0.5942515480413901,0.9482137035210764,0.95221686,0.95221686,0.5380301,0.57694876,2695.0
410000,88171,537836,0.0,,,0.0,0.0,0.0,-1.0,0.0,0.0,0.0,0.0,0.0,0.0,0.0,0.0,2.2960157,0.0,57181.785,47924.605,3,0,0,4,11,32,3,0,0,4,11,34,,,,,,,,,0.031401664,0.0,0.0,-1.0,7.0,endcap,0.36363637,0.0,1880.0,0.8538584417936085,0.8868508993037495,0.0,0.0,0.41551894,0.4819293,3502.0
410000,101384,537836,1.895071e-10,,,0.0,0.0,0.0,-1.0,0.0,0.0,0.0,0.0,0.0,0.0,0.0,0.0,2.8566973,0.0,75698.12,75793.61,2,2,2,6,32,36,2,2,2,6,34,37,,,,,,,,,0.19159275,0.0,0.0,-1.0,4.0,endcap,0.1875,183.53067,2157.0,0.9633291775434748,0.8111041645784728,0.0,0.0,0.41497648,0.47648713,3840.0
410000,17094,537836,5.834586e-11,,,0.0,0.0,0.0,-1.0,0.0,0.0,0.0,0.0,0.0,0.0,0.0,0.0,1.0803732,0.0,375643.7,373586.5,3,3,1,5,25,49,3,3,1,7,28,51,,,,,,,,,0.0024439394,0.0,0.0,-1.0,6.0,endcap,0.2,0.0,1748.0,0.9189472176037424,0.9255356751592702,0.91582453,0.91582453,0.3740035,0.44459656,3659.0
410000,24586,537836,1.3113714e-10,,,0.0,0.0,0.0,-1.0,0.0,0.0,0.0,0.0,0.0,0.0,0.0,0.0,3.09192,0.0,181634.78,185733.56,3,2,0,7,24,41,4,2,0,7,26,43,,,,,,,,,0.16232932,0.0,0.0,-1.0,3.0,endcap,0.29166666,0.0,1949.0,0.8390034754030391,0.8390074714786263,0.45866162,0.45866162,0.46026888,0.520516,4075.0
410000,82125,537836,1.8043411e-10,,,9.779707,4.8898535,5.6600623,7.740404,0.0,0.0,2.5916212,0.0,1.5467497,0.0,0.09914801,0.0,2.980051,0.0,41865.44,44225.004,0,3,0,7,19,33,0,3,0,9,24,36,,,,,,,,,0.44298416,1.590637,2.196229,3.105,5.0,endcap,0.36842105,0.0,2126.0,0.7240862121460607,0.8967132061025512,0.0,0.0,0.46312436,0.5060293,4281.0
410000,59818,537836,1.3886339e-10,,,0.0,0.0,0.0,-1.0,0.0,0.0,0.0,0.0,0.0,0.0,0.0,0.0,1.8381579,0.0,64311.59,49820.242,0,3,0,3,16,33,0,3,0,4,18,36,,,,,,,,,0.47838098,0.0,0.0,-1.0,12.0,endcap,0.1875,5.070351,1454.0,0.93177403903833,0.9324013997806015,0.0,0.0,0.3320321,0.38312393,2818.0
410000,85140,537836,1.04603146e-10,,,0.0,0.0,0.0,-1.0,0.0,0.0,0.0,0.0,0.0,0.0,0.0,0.0,2.1796267,0.0,213626.08,218066.97,2,3,1,4,23,31,2,3,1,4,25,34,,,,,,,,,0.30408496,0.0,0.0,-1.0,9.0,endcap,0.17391305,194.05804,1623.0,0.9781628328656028,0.9398933921459464,0.0,0.0,0.50183916,0.54469496,3412.0
410000,30370,537836,1.4268642e-10,,,42.916286,4.291629,5.4117293,11.26892,1.409629,2.9219966,3.436759,1.1332432,8.532692,0.0,3.4901595,0.0,2.5860078,0.0,198962.95,172131.83,0,2,1,11,30,31,0,2,1,14,31,34,,,,,,,,,0.26105142,-0.7148093,3.3377452,4.231,5.0,endcap,0.36666667,13.943364,2120.0,0.99706751050683,0.9099182289638934,0.5861559,0.5861559,0.43729597,0.51458853,3939.0
410000,43273,537836,1.271182e-10,,,0.0,0.0,0.0,-1.0,0.0,0.0,0.0,0.0,0.0,0.0,0.0,0.0,3.034058,0.0,74936.33,80151.62,0,1,1,3,30,47,0,1,1,3,32,48,,,,,,,,,2.2380567,0.0,0.0,-1.0,12.0,endcap,0.1,0.0,1683.0,0.9341278003658112,0.9694480937469272,0.53893137,0.53893137,0.4467188,0.4854904,3469.0
410000,50064,537836,1.3679052e-10,,,0.0,0.0,0.0,-1.0,0.0,0.0,0.0,0.0,0.0,0.0,0.0,0.0,2.5496798,0.0,66687.65,71569.445,2,1,2,12,15,31,2,1,2,12,15,35,,,,,,,,,0.55652833,0.0,0.0,-1.0,4.0,endcap,0.8,36.16342,1379.0,0.519293937995676,0.6335667789548097,0.9438425,0.95329005,0.40679386,0.45256758,3044.0
410000,76269,537836,9.144085e-11,,,0.0,0.0,0.0,-1.0,0.0,0.0,0.0,0.0,0.0,0.0,0.0,0.0,2.8377633,0.0,240806.19,235231.77,5,1,1,15,22,46,5,1,1,15,24,48,,,,,,,,,0.07442784,0.0,0.0,-1.0,4.0,endcap,0.6818182,132.48212,2052.0,0.6636213058075046,0.8679627315683571,0.6578101,0.65781003,0.43055657,0.52546364,3924.0
410000,147699,537836,1.078243e-10,,,0.0,0.0,0.0,-1.0,0.0,0.0,0.0,0.0,0.0,0.0,0.0,0.0,2.10654,0.0,221767.34,229155.95,2,0,1,10,22,35,2,0,1,11,23,35,,,,,,,,,0.00011301041,0.0,0.0,-1.0,7.0,endcap,0.45454547,25.619465,2727.0,0.8130412507680891,0.9906157733464512,0.40622088,0.40622088,0.45936757,0.52089435,4769.0
410000,147458,537836,9.126227e-11,,,0.0,0.0,0.0,-1.0,0.0,0.0,0.0,0.0,0.0,0.0,0.0,0.0,2.615919,0.0,207847.36,217419.28,0,3,1,9,5,36,0,3,1,9,5,36,,,,,,,,,0.19893074,0.0,0.0,-1.0,7.0,endcap,1.8,0.0,2325.0,0.3804272144120462,0.9902756421462522,0.6877106,0.7093007,0.47750106,0.5150755,4699.0
410000,110149,537836,1.3772869e-10,,,0.0,0.0,0.0,-1.0,0.0,0.0,0.0,0.0,0.0,0.0,0.0,0.0,0.9809721,0.0,250436.06,255202.94,4,7,11,3,26,31,4,7,11,3,27,32,,,,,,,,,0.2017014,0.0,0.0,-1.0,9.0,endcap,0.115384616,138.13345,1363.0,0.9749653024500432,0.7596989651985622,0.0,0.0,0.35227898,0.40091276,2636.0
410000,118234,537836,1.2567303e-10,,,39.26777,4.908471,5.5659847,8.627225,0.8560169,0.0,2.8890302,4.106218,3.872977,0.23770528,1.9360113,6.5837955,2.023866,0.0,87592.4,89164.24,0,3,0,13,23,37,0,4,0,14,24,39,,,,,,,,,1.0920253,-1.2014458,6.2749286,11.52447,6.0,endcap,0.5652174,5.9021115,2179.0,0.9620235517363248,0.8992080651590717,0.0,0.0,0.47478804,0.5177824,4534.0
410000,1529,537836,1.4528938e-10,,,0.0,0.0,0.0,-1.0,0.0,0.0,0.0,0.0,0.0,0.0,0.0,0.0,5.442319,0.0,123328.625,118681.56,1,1,0,11,12,32,1,1,0,11,14,33,,,,,,,,,0.30613738,0.0,0.0,-1.0,9.0,endcap,0.9166667,0.0,1450.0,0.10764889072804,0.8513390980645718,0.0,0.0,0.5051302,0.5658888,2922.0
410000,105821,537836,0.0,,,0.0,0.0,0.0,-1.0,0.0,0.0,0.0,0.0,0.0,0.0,0.0,0.0,2.384581,0.0,215819.95,204772.05,2,1,3,11,23,31,2,1,3,16,28,34,,,,,,,,,0.30591428,0.0,0.0,-1.0,4.0,endcap,0.47826087,272.4614,2029.0,0.9239591396642268,0.9056838816437296,0.0,0.0,0.5117382,0.5586601,4304.0
410000,12570,537836,3.582741e-14,,,0.0,0.0,0.0,-1.0,0.0,0.0,0.0,0.0,0.0,0.0,0.0,0.0,3.0734084,0.0,276229.94,272122.34,4,4,4,7,34,33,5,4,4,9,34,37,,,,,,,,,0.22202873,0.0,0.0,-1.0,6.0,endcap,0.20588236,19.902344,1944.0,0.8995045180371294,0.9521635429035364,0.0,0.0,0.43676054,0.49555025,4184.0
410000,94064,537836,4.0621137e-10,,,0.0,0.0,0.0,-1.0,0.0,0.0,0.0,0.0,0.0,0.0,0.0,0.0,2.3913,0.0,123116.28,149860.94,0,2,0,18,13,40,0,2,0,19,13,40,,,,,,,,,0.54907274,0.0,0.0,-1.0,6.0,endcap,1.3846154,265.3855,2104.0,0.4927644508233204,0.9760032940839476,0.9819702,0.9819702,0.4604788,0.48807013,4386.0
410000,76302,537836,1.3526788e-10,,,0.0,0.0,0.0,-1.0,0.0,0.0,0.0,0.0,0.0,0.0,0.0,0.0,2.1884859,0.0,45585.605,23334.709,1,0,1,6,32,35,1,0,1,6,32,35,,,,,,,,,0.9407346,0.0,0.0,-1.0,3.0,endcap,0.1875,9.365724,1536.0,0.935862656532678,0.5112859479426937,0.0,0.0,0.41621742,0.48718736,3369.0
410000,76427,537836,1.13043165e-10,,,0.0,0.0,0.0,-1.0,0.0,0.0,0.0,0.0,0.0,0.0,0.0,0.0,3.0216107,0.0,163916.23,172504.89,0,1,3,7,22,58,0,1,3,10,23,59,,,,,,,,,0.04012251,0.0,0.0,-1.0,13.0,endcap,0.3181818,86.27229,3119.0,0.8821275941717464,0.9997537172852768,0.51472914,0.5239936,0.48845685,0.5604404,5848.0
410000,138922,537836,1.176188e-10,,,18.889902,4.7224755,4.9318905,6.943439,0.0,-0.03132393,2.5811963,0.0,4.761427,0.0,0.7991119,0.0,2.1784222,0.0,240145.6,238410.86,0,1,0,4,20,41,0,1,0,5,21,41,,,,,,,,,0.0113915205,-3.1994298,6.3455286,0.7210316,6.0,endcap,0.2,51.091312,1777.0,0.9710924419602608,0.8343968590407704,0.0,0.0,0.5649644,0.6100155,3354.0
410000,139004,537836,1.3600664e-10,,,0.0,0.0,0.0,-1.0,0.0,0.0,0.0,0.0,0.0,0.0,0.0,0.0,2.4315944,0.0,69749.86,74095.48,0,2,1,7,26,44,0,2,1,7,27,45,,,,,,,,,1.0223899,0.0,0.0,-1.0,6.0,endcap,0.26923078,0.0,1741.0,0.8981707951708723,0.9219934273398092,0.65290666,0.65290666,0.46000242,0.50463814,3868.0
410000,146438,537836,1.2065986e-10,,,0.0,0.0,0.0,-1.0,0.0,0.0,0.0,0.0,0.0,0.0,0.0,0.0,1.8757339,0.0,86263.14,95613.52,0,2,1,8,36,35,0,2,1,10,39,35,,,,,,,,,0.06269279,0.0,0.0,-1.0,10.0,endcap,0.22222222,14.695128,1631.0,0.9241195656744472,0.9206022293441776,0.0,0.0,0.39222965,0.45697045,3177.0
410000,95602,537836,1.09693296e-10,,,0.0,0.0,0.0,-1.0,0.0,0.0,0.0,0.0,0.0,0.0,0.0,0.0,1.8582146,0.0,91011.46,101893.33,0,0,1,2,19,40,0,0,1,2,21,42,,,,,,,,,0.2602363,0.0,0.0,-1.0,4.0,endcap,0.10526316,87.2949,1741.0,0.9738520916596928,0.6590679036817251,0.28866464,0.28866464,0.34796268,0.3894905,3322.0
410000,65213,537836,1.3761052e-10,,,0.0,0.0,0.0,-1.0,0.0,0.0,0.0,0.0,0.0,0.0,0.0,0.0,1.9023708,0.0,111207.59,89290.97,0,1,1,3,10,32,0,1,1,3,10,32,,,,,,,,,0.24643943,0.0,0.0,-1.0,3.0,endcap,0.3,89.90165,1726.0,0.9307921268193976,0.8249003738503773,0.513837,0.5138369,0.4538058,0.52082366,4001.0
410000,9247,537836,4.400882e-12,,,4.526858,4.526858,4.526858,4.526858,0.0,0.0,0.8737185,0.0,0.90156955,0.0,-0.045675334,0.0,1.8317716,0.0,53595.09,50097.746,3,2,0,11,14,32,5,4,1,11,14,35,,,,,,,,,1.8696628,2.25,2.25,2.25,6.0,endcap,0.78571427,0.0,1845.0,0.6132869227056432,0.6766010339790798,0.51749086,0.5174908,0.45643476,0.47631097,3424.0
410000,9264,537836,4.3427575e-12,,,0.0,0.0,0.0,-1.0,0.0,0.0,0.0,0.0,0.0,0.0,0.0,0.0,2.321482,0.0,42050.55,38196.99,0,3,0,14,12,35,0,3,0,15,12,35,,,,,,,,,0.932304,0.0,0.0,-1.0,5.0,endcap,1.1666666,0.0,1543.0,0.4338849851344339,0.6335464706147835,1.0680375,1.0680375,0.46956375,0.5033405,2719.0
410000,104318,537836,4.8693315e-14,,,0.0,0.0,0.0,-1.0,0.0,0.0,0.0,0.0,0.0,0.0,0.0,0.0,2.173659,0.0,170161.72,173880.38,4,1,1,18,18,39,4,1,1,18,19,39,,,,,,,,,0.17843843,0.0,0.0,-1.0,6.0,endcap,1.0,0.0,1516.0,0.4539981169879203,0.8466298132171213,0.8270336,0.8270336,0.432067,0.49316916,3169.0
410000,83327,537836,1.172189e-10,,,0.0,0.0,0.0,-1.0,0.0,0.0,0.0,0.0,0.0,0.0,0.0,0.0,4.281371,0.0,64759.85,60928.605,0,2,0,6,8,33,0,2,0,7,9,33,,,,,,,,,0.82172567,0.0,0.0,-1.0,5.0,endcap,0.75,5.44531,1928.0,0.2181851941461013,0.8844842730008472,0.0,0.0,0.47963303,0.5404651,3990.0
410000,69056,537836,1.33584e-10,,,0.0,0.0,0.0,-1.0,0.0,0.0,0.0,0.0,0.0,0.0,0.0,0.0,3.0063372,0.0,69817.484,69634.695,1,1,0,3,30,50,1,1,0,3,30,50,,,,,,,,,0.12909865,0.0,0.0,-1.0,3.0,endcap,0.1,76.72755,1927.0,0.9571359034531124,0.7592817907784681,0.80185676,0.801938,0.3389123,0.38102022,3790.0
410000,12866,537836,1.7964649e-10,,,0.0,0.0,0.0,-1.0,0.0,0.0,0.0,0.0,0.0,0.0,0.0,0.0,3.3935716,0.0,48477.797,50415.098,2,0,3,6,33,33,4,1,4,6,34,35,,,,,,,,,0.25144613,0.0,0.0,-1.0,8.0,endcap,0.18181819,0.0,938.0,0.868514134057142,0.3792647146942379,0.0,0.0,0.26210788,0.360539,1902.0
410000,135293,537836,1.1791017e-10,,,0.0,0.0,0.0,-1.0,0.0,0.0,0.0,0.0,0.0,0.0,0.0,0.0,2.3940284,0.0,59564.027,59633.508,1,0,0,7,28,35,1,0,0,7,29,35,,,,,,,,,0.7298522,0.0,0.0,-1.0,8.0,endcap,0.25,5.072924,1799.0,0.9092088895345558,0.9225087061563833,0.0,0.0,0.43376866,0.4705857,3493.0
410000,29177,537836,4.4580754e-12,,,0.0,0.0,0.0,-1.0,0.0,0.0,0.0,0.0,0.0,0.0,0.0,0.0,3.012514,0.0,56920.625,50275.434,2,1,4,7,25,31,2,1,4,9,27,33,,,,,,,,,0.26303875,0.0,0.0,-1.0,4.0,endcap,0.28,23.283184,921.0,0.8690116736671841,0.118605202306619,0.0,0.0,0.48107076,0.5158203,2193.0
410000,7157,537836,4.3860737e-10,,,30.49014,3.8112676,4.40656,7.4629836,2.6209948,0.0,3.0060189,-0.080421664,6.1860213,0.0,0.21400426,1.8675618,2.8699524,0.0,109802.516,128293.12,0,0,4,8,18,32,0,0,4,9,18,39,,,,,,,,,0.03524661,1.3615751,5.2447696,10.309219,8.0,endcap,0.44444445,54.986397,1595.0,0.967932742698784,0.8937991053925018,0.0,0.0,0.38803568,0.44472855,3516.0
410000,124359,537836,3.08232e-11,,,0.0,0.0,0.0,-1.0,0.0,0.0,0.0,0.0,0.0,0.0,0.0,0.0,0.9375896,0.0,191694.62,221588.52,3,1,1,8,17,45,3,1,1,11,17,46,,,,,,,,,0.43559813,0.0,0.0,-1.0,8.0,endcap,0.47058824,11.778148,1252.0,0.7712663781472032,0.7590196296599111,0.7972372,0.8152485,0.34286207,0.40918487,2437.0
410000,102099,537836,3.6595227e-11,,,0.0,0.0,0.0,-1.0,0.0,0.0,0.0,0.0,0.0,0.0,0.0,0.0,3.2825966,0.0,75581.61,69350.8,1,0,1,8,11,38,1,0,1,9,13,39,,,,,,,,,0.33131975,0.0,0.0,-1.0,4.0,endcap,0.72727275,0.0,1087.0,0.3914052913412961,0.0859761279582701,0.0,0.0,0.33793637,0.41857016,1982.0
410000,83090,537836,1.2979112e-10,,,0.0,0.0,0.0,-1.0,0.0,0.0,0.0,0.0,0.0,0.0,0.0,0.0,2.8925066,0.0,104212.914,117093.36,0,1,3,4,14,32,0,1,3,5,14,33,,,,,,,,,0.02849716,0.0,0.0,-1.0,4.0,endcap,0.2857143,0.0,2640.0,0.8636332890399778,0.9765948469594802,0.0,0.0,0.5027871,0.56340814,5199.0
410000,114108,537836,3.5694257e-11,,,58.821384,7.352673,11.478459,30.577541,2.8082309,0.0,11.143031,0.0,20.545113,0.0,0.4595017,0.0,2.1377485,0.0,53637.664,47804.71,5,2,1,8,14,33,5,2,1,10,14,34,,,,,,,,,2.0858343,-0.10960476,2.5223277,3.1206841,10.0,endcap,0.5714286,0.0,1072.0,0.9945045379310504,0.716671628012477,0.0,0.0,0.37179556,0.43584275,2091.0
410000,26438,537836,1.015037e-10,,,0.0,0.0,0.0,-1.0,0.0,0.0,0.0,0.0,0.0,0.0,0.0,0.0,1.4143332,0.0,76985.03,81428.63,3,1,1,2,14,40,3,1,1,2,14,40,,,,,,,,,0.046794653,0.0,0.0,-1.0,3.0,endcap,0.14285715,5.0669713,2202.0,0.9418002562449456,0.7925038856426782,0.0,0.0,0.42133632,0.4616395,4067.0
410000,95804,537836,1.2312412e-10,,,0.0,0.0,0.0,-1.0,0.0,0.0,0.0,0.0,0.0,0.0,0.0,0.0,2.9910297,0.0,65484.418,70262.0,0,0,0,10,5,34,0,0,0,10,6,35,,,,,,,,,0.04447484,0.0,0.0,-1.0,3.0,endcap,2.0,20.296766,1988.0,0.324601123336722,0.7981948972130285,0.0,0.0,0.48454294,0.51313543,4075.0
410000,95969,537836,1.3162042e-10,,,0.0,0.0,0.0,-1.0,0.0,0.0,0.0,0.0,0.0,0.0,0.0,0.0,2.5483189,0.0,144844.6,144366.38,0,0,0,0,24,32,0,0,0,2,24,33,,,,,,,,,0.29440832,0.0,0.0,-1.0,4.0,endcap,0.0,330.70828,1133.0,0.9911425387899564,0.3712824555619433,0.0,0.0,0.4283481,0.48042387,2901.0
410000,17204,537836,1.2570117e-10,,,0.0,0.0,0.0,-1.0,0.0,0.0,0.0,0.0,0.0,0.0,0.0,0.0,2.7892354,0.0,71971.586,68786.79,1,0,1,8,22,44,1,0,1,8,24,46,,,,,,,,,0.79520416,0.0,0.0,-1.0,9.0,endcap,0.36363637,0.0,901.0,0.8258753180120262,0.5082907237178282,0.0,0.0,0.25539878,0.37730664,1802.0
410000,17431,537836,1.634366e-10,,,34.491226,6.8982453,8.66817,16.002409,0.121986754,-0.194,7.540012,0.0,8.725004,0.0,0.3340044,0.0,1.4683343,0.0,67444.984,55299.9,1,0,0,8,7,31,1,0,0,8,7,31,,,,,,,,,0.9059537,-1.9801042,3.0374982,0.17993535,6.0,endcap,1.1428572,6.161535,912.0,0.7221348167870221,0.2315187581033085,0.0,0.0,0.423393,0.48412886,1612.0
410000,74535,537836,1.9015486e-10,,,0.0,0.0,0.0,-1.0,0.0,0.0,0.0,0.0,0.0,0.0,0.0,0.0,1.2820001,0.0,71025.555,73369.27,3,1,0,7,26,32,3,1,0,10,27,34,,,,,,,,,0.17664444,0.0,0.0,-1.0,7.0,endcap,0.26923078,0.0,1416.0,0.8924716392360248,0.572107215453174,0.0,0.0,0.50931144,0.5589582,2508.0
410000,125273,537836,4.126027e-11,,,0.0,0.0,0.0,-1.0,0.0,0.0,0.0,0.0,0.0,0.0,0.0,0.0,2.227535,0.0,455633.3,419983.5,1,0,0,8,17,35,1,0,0,9,19,41,,,,,,,,,0.23922753,0.0,0.0,-1.0,4.0,endcap,0.47058824,60.980762,2157.0,0.8345594151930142,0.9408901128990492,0.84231704,0.84234,0.38200802,0.4441415,4323.0
410000,62164,537836,4.6507284e-10,,,81.60923,13.601537,14.82775,21.689949,0.0,-0.56711423,20.094738,0.0,35.07543,0.0,0.95282847,0.0,1.514919,0.0,109187.51,162016.88,2,0,1,9,22,35,2,0,1,11,22,41,,,,,,,,,0.49904662,0.97066647,1.7842108,4.0450244,9.0,endcap,0.4090909,90.77702,2039.0,0.9945422463417724,0.9667700245194488,0.0,0.0,0.41492972,0.45725605,4150.0
410000,15024,537836,1.12981034e-10,,,0.0,0.0,0.0,-1.0,0.0,0.0,0.0,0.0,0.0,0.0,0.0,0.0,2.0192795,0.0,164039.72,170085.19,0,0,0,3,13,39,0,0,0,3,13,41,,,,,,,,,0.15857422,0.0,0.0,-1.0,4.0,endcap,0.23076923,171.32193,2283.0,0.969150879961033,0.945869761268255,0.0,0.0,0.41683224,0.46580365,4670.0
410000,15270,537836,1.294927e-10,,,0.0,0.0,0.0,-1.0,0.0,0.0,0.0,0.0,0.0,0.0,0.0,0.0,1.7423205,0.0,93287.555,123935.61,3,0,0,5,30,33,3,0,0,5,30,33,,,,,,,,,0.45368767,0.0,0.0,-1.0,4.0,endcap,0.16666667,0.0,1832.0,0.9355122085263008,0.6198157585679704,0.0,0.0,0.46121597,0.5161935,3340.0
410000,7601,537836,4.775242e-10,,,0.0,0.0,0.0,-1.0,0.0,0.0,0.0,0.0,0.0,0.0,0.0,0.0,3.4603286,0.0,159786.72,154366.0,1,2,1,7,30,55,1,2,1,7,30,55,,,,,,,,,0.4080702,0.0,0.0,-1.0,5.0,endcap,0.23333333,0.0,2532.0,0.8231883242713492,0.9460996620858518,0.0,0.0,0.35840315,0.4366586,4531.0
410000,13486,537836,0.0,,,61.816734,30.908367,41.31579,58.324917,1.8566886,0.3498351,-0.0041953134,38.52707,0.0,0.4032042,0.0,-0.018013887,1.672238,0.0,323635.5,335079.2,2,5,3,9,31,42,2,5,3,13,32,43,,,,,,,,,0.49727917,0.86810064,1.2276797,1.7362013,5.0,endcap,0.29032257,580.05194,1579.0,0.4913631935162261,0.6905212244683825,0.8901281,0.8901281,0.6260183,0.65487915,3059.0
410000,10859,537836,1.3557247e-10,,,0.0,0.0,0.0,-1.0,0.0,0.0,0.0,0.0,0.0,0.0,0.0,0.0,3.683562,0.0,95306.086,115575.22,0,0,1,7,3,33,0,0,1,7,3,33,,,,,,,,,0.7564153,0.0,0.0,-1.0,10.0,endcap,2.3333333,0.0,1533.0,0.2153499983435745,0.8496148243566702,0.0,0.0,0.52229446,0.5687748,2588.0
410000,34698,537836,3.4003706e-11,,,2.9944215,2.9944215,2.9944215,2.9944215,0.0,0.0,0.6794353,0.0,0.09497478,0.0,-0.017558973,0.0,2.9262984,0.0,73320.51,78255.695,4,3,4,5,21,32,4,3,4,6,22,32,,,,,,,,,0.27474236,3.182476,3.182476,3.182476,6.0,endcap,0.23809524,24.95593,1020.0,0.8459186497154348,0.2820830457573012,1.0337315,1.0345888,0.4162987,0.49139073,2149.0
410000,46647,537836,0.0,,,1.2349945,1.2349945,1.2349945,1.2349945,1.2349945,0.0,0.0,0.0,0.0,0.0,0.0,0.0,1.565022,0.0,46081.043,55465.05,2,5,2,14,23,31,2,5,2,16,23,31,,,,,,,,,0.2866398,0.0,0.0,0.0,6.0,endcap,0.6086956,13.430485,1104.0,0.6106467094992618,0.2552752897235691,0.0,0.0,0.44680893,0.4970786,2061.0
410000,82576,537836,1.207172e-10,,,34.21161,4.8873725,6.4451632,11.007088,0.0,6.399866,4.4363055,-0.23840943,5.9592805,0.0,1.2484778,0.0,3.0807264,0.0,146271.02,156011.0,0,0,0,2,15,35,0,0,0,2,15,35,,,,,,,,,0.12001848,2.0875661,4.900543,11.898629,4.0,endcap,0.13333334,124.39492,1886.0,0.9920585995321972,0.7336963723430115,0.0,0.0,0.3384654,0.4271261,3935.0
410000,114211,537836,4.3055342e-12,,,4.281166,4.281166,4.281166,4.281166,0.6278229,0.0,0.6145398,0.0,0.9909404,0.0,-0.06452284,0.0,1.9135162,0.0,115954.74,112893.56,1,1,1,9,46,36,1,1,1,11,47,39,,,,,,,,,0.27070034,-8.0650015,8.0650015,-8.0650015,6.0,endcap,0.19565217,0.0,1188.0,0.8810993518692988,0.7530353199808929,0.5668109,0.62823987,0.46704304,0.5375731,2182.0
410000,116035,537836,4.3917808e-14,,,28.229836,4.7049727,5.8076186,11.956559,6.550694,-0.029502418,2.9489164,0.0,5.1070642,0.0,0.4704413,0.0,1.4770579,0.0,226740.92,230836.12,2,12,7,8,18,35,2,12,7,8,18,36,,,,,,,,,0.4393432,-0.09321842,0.82893574,1.1286048,3.0,endcap,0.44444445,0.0,1369.0,0.9385245482652316,0.4391219045106129,0.6728582,0.6728799,0.49622792,0.54694957,3124.0
410000,116075,537836,0.0,,,0.0,0.0,0.0,-1.0,0.0,0.0,0.0,0.0,0.0,0.0,0.0,0.0,2.453336,0.0,112218.805,110974.164,5,0,0,11,16,31,5,0,0,18,17,33,,,,,,,,,1.5389159,0.0,0.0,-1.0,6.0,endcap,0.6875,13.4741955,1258.0,0.5938763686222983,0.5278405320759655,0.9678592,0.9678592,0.3111558,0.35906637,2282.0
410000,116117,537836,0.0,,,0.0,0.0,0.0,-1.0,0.0,0.0,0.0,0.0,0.0,0.0,0.0,0.0,1.3135144,0.0,46835.875,52588.35,4,2,5,10,20,32,5,4,7,10,23,33,,,,,,,,,0.43650538,0.0,0.0,-1.0,7.0,endcap,0.5,42.431843,1909.0,0.7829230354586717,0.9551368264328524,0.49946615,0.49946615,0.43956003,0.49434486,3816.0
410000,97586,537836,1.06146966e-10,,,0.0,0.0,0.0,-1.0,0.0,0.0,0.0,0.0,0.0,0.0,0.0,0.0,1.0422547,0.0,181190.0,175623.88,1,1,1,6,12,38,1,1,1,6,14,40,,,,,,,,,0.7594366,0.0,0.0,-1.0,5.0,endcap,0.5,0.0,1412.0,0.7374046655625393,0.4580097069106588,0.46243775,0.46243775,0.42447034,0.47363845,2500.0
410000,26686,537836,1.2619199e-10,,,0.0,0.0,0.0,-1.0,0.0,0.0,0.0,0.0,0.0,0.0,0.0,0.0,1.2139446,0.0,69799.14,80893.695,1,3,0,4,12,37,1,3,0,6,14,38,,,,,,,,,0.9030009,0.0,0.0,-1.0,4.0,endcap,0.33333334,0.0,1326.0,0.8589876688374039,0.4121453955029628,0.0,0.0,0.43429112,0.49295038,2858.0
410000,26949,537836,1.2427219e-10,,,0.0,0.0,0.0,-1.0,0.0,0.0,0.0,0.0,0.0,0.0,0.0,0.0,1.6658115,0.0,62297.637,80311.48,3,0,4,8,23,36,3,0,4,9,26,37,,,,,,,,,0.6439534,0.0,0.0,-1.0,6.0,endcap,0.3478261,54.563225,1252.0,0.889664681412568,0.6756122710320482,0.0,0.0,0.43726945,0.48257136,2884.0
410000,73346,537836,5.7955526e-14,,,0.0,0.0,0.0,-1.0,0.0,0.0,0.0,0.0,0.0,0.0,0.0,0.0,4.108694,0.0,41358.066,41468.64,2,1,0,6,20,33,4,1,0,8,20,36,,,,,,,,,0.27902678,0.0,0.0,-1.0,5.0,endcap,0.3,0.0,2431.0,0.5764506570559529,0.9715556051055032,0.0,0.0,0.4649348,0.51623464,4930.0
410000,99246,537836,1.1800252e-10,,,0.0,0.0,0.0,-1.0,0.0,0.0,0.0,0.0,0.0,0.0,0.0,0.0,3.6217563,0.50389266,97049.34,97443.87,3,0,0,6,31,31,3,0,0,6,31,31,,,,,,,,,0.077198625,0.0,0.0,-1.0,3.0,endcap,0.19354838,0.0,1500.0,0.7486137371289229,0.3114441646858477,0.0,0.0,0.4022799,0.44961885,3104.0
410000,13729,537836,0.0,,,28.128593,5.625719,6.0857162,9.520702,1.1449976,0.0,2.9860106,0.0,10.388014,0.0,-0.07098395,0.0,2.1855776,0.0,117458.62,122761.81,0,2,3,8,29,35,0,2,3,14,33,39,,,,,,,,,0.8319783,-0.027877158,0.74946785,1.1941379,4.0,endcap,0.27586207,0.0,1416.0,0.9689255037372632,0.1835531163745922,0.36293095,0.39893275,0.2167013,0.29025018,2480.0
410000,63535,537836,9.922312e-11,,,0.0,0.0,0.0,-1.0,0.0,0.0,0.0,0.0,0.0,0.0,0.0,0.0,2.77875,0.0,215248.67,210637.27,0,0,0,8,48,50,3,0,0,8,50,54,,,,,,,,,0.22363698,0.0,0.0,-1.0,7.0,endcap,0.16666667,0.0,2039.0,0.925022912256918,0.9531746964909612,0.0,0.0,0.37258294,0.45151585,4002.0
410000,21054,537836,4.9209814e-10,,,0.0,0.0,0.0,-1.0,0.0,0.0,0.0,0.0,0.0,0.0,0.0,0.0,2.4681304,0.0,64837.21,56729.992,1,0,1,6,10,33,1,0,1,8,10,34,,,,,,,,,0.48617995,0.0,0.0,-1.0,4.0,endcap,0.6,27.510996,1482.0,0.6982184114579141,0.5166911910428079,0.0,0.0,0.4483528,0.5389294,3148.0
410000,98678,537836,4.7381027e-10,,,0.0,0.0,0.0,-1.0,0.0,0.0,0.0,0.0,0.0,0.0,0.0,0.0,1.6162549,0.0,92939.016,86279.73,0,2,1,7,23,40,0,2,1,9,24,44,,,,,,,,,0.3093993,0.0,0.0,-1.0,4.0,endcap,0.3043478,19.157978,1731.0,0.889639186551178,0.6547137931572087,0.0,0.0,0.4176571,0.49689847,3469.0
410000,125670,537836,1.2800676e-10,,,0.0,0.0,0.0,-1.0,0.0,0.0,0.0,0.0,0.0,0.0,0.0,0.0,2.3863177,0.0,114187.04,117547.53,2,2,1,13,14,39,2,2,1,16,16,40,,,,,,,,,0.14813924,0.0,0.0,-1.0,4.0,endcap,0.9285714,65.90401,1596.0,0.4967574475429389,0.5583870407813281,0.0,0.0,0.52796113,0.5696109,3276.0
410000,85776,537836,1.0045739e-10,,,0.0,0.0,0.0,-1.0,0.0,0.0,0.0,0.0,0.0,0.0,0.0,0.0,3.2690883,0.0,148681.92,143862.62,3,0,0,3,33,32,3,0,0,4,33,33,,,,,,,,,1.6190089,0.0,0.0,-1.0,15.0,endcap,0.09090909,81.96203,1139.0,0.9479567785784804,0.9704865013906322,0.0,0.0,0.3985963,0.46399996,2534.0
410000,85867,537836,1.154001e-10,,,2.0534635,2.0534635,2.0534635,2.0534635,0.26654443,0.0,0.28394184,0.0,0.19135517,0.0,0.0,0.0,3.3083026,0.0,92645.55,115408.97,3,3,3,6,13,31,3,3,3,6,14,32,,,,,,,,,0.08131683,-1.176,1.176,-1.176,3.0,endcap,0.46153846,0.0,1506.0,0.4955901562953094,0.4001150635590556,0.0,0.0,0.45657462,0.5170733,3192.0
410000,18941,537836,1.1647416e-10,,,0.0,0.0,0.0,-1.0,0.0,0.0,0.0,0.0,0.0,0.0,0.0,0.0,4.2954106,0.0,98200.805,103712.53,0,6,2,8,20,36,0,6,2,8,22,36,,,,,,,,,0.32412553,0.0,0.0,-1.0,13.0,endcap,0.4,65.798615,2681.0,0.4644157969842009,0.9991234246181372,0.89604086,0.89604086,0.50791985,0.5390638,4860.0
410000,44770,537836,1.0883896e-10,,,0.0,0.0,0.0,-1.0,0.0,0.0,0.0,0.0,0.0,0.0,0.0,0.0,2.965115,0.0,162855.83,154857.86,1,0,0,2,18,32,1,0,0,2,20,36,,,,,,,,,0.12102187,0.0,0.0,-1.0,8.0,endcap,0.11111111,0.0,2622.0,0.9340379973818091,0.9948498397308227,0.0,0.0,0.4749213,0.5379927,5270.0
410000,73772,537836,0.0,,,10.527312,5.263656,5.279954,5.678189,0.7490105,-0.098010905,1.7090142,0.0,2.605956,0.0,0.12800321,0.0,0.9713242,0.0,197470.77,141751.83,0,4,2,9,17,34,0,4,2,11,23,46,,,,,,,,,0.045123816,-3.3950267,4.6402216,-0.23188752,4.0,endcap,0.5294118,64.63674,1681.0,0.700292530337135,0.7342537606094793,0.66337407,0.66337407,0.41496918,0.46414983,3269.0
410000,73833,537836,0.0,,,19.164364,6.388121,7.3408895,8.967767,-0.0047070235,0.0,1.5952281,3.5935664,3.5569425,1.5600333,0.0034644513,-0.15676917,4.033837,0.0,89416.51,92284.27,1,0,0,12,13,31,1,0,0,17,13,33,,,,,,,,,0.037635088,0.111548744,3.9082506,3.1884334,7.0,endcap,0.9230769,194.13188,1720.0,0.210691659257914,0.786462212846035,0.0,0.0,0.3292619,0.3738377,3320.0
410000,21969,537836,1.3717831e-10,,,0.0,0.0,0.0,-1.0,0.0,0.0,0.0,0.0,0.0,0.0,0.0,0.0,1.7197968,0.0,53399.41,41646.81,2,2,1,15,8,35,2,2,1,17,10,37,,,,,,,,,0.10114443,0.0,0.0,-1.0,6.0,endcap,1.875,55.3179,975.0,0.4326743479123432,0.21403616980825,0.0,0.0,0.38495862,0.4455497,1940.0
410000,123600,537836,1.2029817e-10,,,0.0,0.0,0.0,-1.0,0.0,0.0,0.0,0.0,0.0,0.0,0.0,0.0,0.9732849,0.0,48795.082,60302.74,1,0,2,5,17,32,1,0,2,5,19,33,,,,,,,,,2.2734733,0.0,0.0,-1.0,4.0,endcap,0.29411766,21.714024,1111.0,0.8906130838426043,0.1898742229169142,0.7961447,0.7961447,0.48206145,0.5439706,2188.0
410000,69317,537836,1.8879656e-10,,,0.0,0.0,0.0,-1.0,0.0,0.0,0.0,0.0,0.0,0.0,0.0,0.0,3.1287017,0.0,83990.445,84312.016,0,1,0,7,15,34,0,1,0,7,15,35,,,,,,,,,0.70915866,0.0,0.0,-1.0,4.0,endcap,0.46666667,21.794317,1189.0,0.7065452355831847,0.1370227645117092,0.0,0.0,0.44657493,0.50129646,2208.0
410000,69404,537836,1.859935e-10,,,0.0,0.0,0.0,-1.0,0.0,0.0,0.0,0.0,0.0,0.0,0.0,0.0,2.8409956,0.0,78592.83,89301.19,1,0,0,13,37,33,2,0,0,13,38,34,,,,,,,,,0.23082876,0.0,0.0,-1.0,8.0,endcap,0.35135135,22.07543,1530.0,0.8433551107101436,0.9075689527865644,0.52066785,0.52066785,0.45956498,0.49826857,3153.0
410000,65801,537836,1.3586442e-10,,,0.0,0.0,0.0,-1.0,0.0,0.0,0.0,0.0,0.0,0.0,0.0,0.0,1.7453561,0.0,70842.484,79732.984,1,0,1,4,19,33,1,0,1,5,21,36,,,,,,,,,1.2558289,0.0,0.0,-1.0,6.0,endcap,0.21052632,0.0,932.0,0.9198822099031472,0.3266966762863086,0.42442432,0.42442432,0.33236337,0.4356861,1905.0
410000,23145,537836,9.2425956e-11,,,0.0,0.0,0.0,-1.0,0.0,0.0,0.0,0.0,0.0,0.0,0.0,0.0,2.549528,0.0,292566.6,287832.34,0,0,0,4,8,33,0,0,0,5,8,37,,,,,,,,,0.0018362254,0.0,0.0,-1.0,5.0,endcap,0.5,0.0,2325.0,0.7532363028194791,0.991678681146376,0.6725747,0.6725747,0.3928641,0.4263701,5283.0
410000,41341,537836,0.0,,,0.0,0.0,0.0,-1.0,0.0,0.0,0.0,0.0,0.0,0.0,0.0,0.0,2.3997433,0.0,72451.44,70779.91,2,2,2,17,38,43,2,2,2,18,38,44,,,,,,,,,1.2513678,0.0,0.0,-1.0,3.0,endcap,0.4473684,0.0,1869.0,0.7995068231971123,0.6627003704229742,0.0,0.0,0.41134351,0.4681495,3847.0
410000,6940,537836,1.2815177e-10,,,0.0,0.0,0.0,-1.0,0.0,0.0,0.0,0.0,0.0,0.0,0.0,0.0,5.383086,0.0,48344.508,53280.473,2,1,0,4,11,39,3,2,1,5,11,41,,,,,,,,,0.03664577,0.0,0.0,-1.0,8.0,endcap,0.36363637,0.0,1806.0,0.2030343644612848,0.905395807330322,0.0,0.0,0.35020992,0.41599068,3424.0
410000,8027,537836,1.4136273e-10,,,0.0,0.0,0.0,-1.0,0.0,0.0,0.0,0.0,0.0,0.0,0.0,0.0,2.3141477,0.0,73965.75,69555.7,2,0,4,6,25,39,2,0,4,7,25,39,,,,,,,,,0.66518784,0.0,0.0,-1.0,4.0,endcap,0.24,64.82538,1788.0,0.940105133959564,0.8755096354573646,0.83080465,0.83080465,0.46045482,0.5252222,3815.0
410000,108517,537836,1.1855927e-10,,,0.0,0.0,0.0,-1.0,0.0,0.0,0.0,0.0,0.0,0.0,0.0,0.0,2.3832793,0.0,120404.07,128870.36,2,0,0,8,42,33,2,0,0,9,46,40,,,,,,,,,0.78337693,0.0,0.0,-1.0,5.0,endcap,0.1904762,0.0,977.0,0.9288541239726682,0.1673881979670464,0.50996226,0.55941576,0.3812599,0.44793263,1667.0
410000,108530,537836,1.3024821e-10,,,0.0,0.0,0.0,-1.0,0.0,0.0,0.0,0.0,0.0,0.0,0.0,0.0,5.8536735,0.0,58767.78,31190.434,3,7,13,6,11,33,6,9,13,10,16,36,,,,,,,,,2.1858306,0.0,0.0,-1.0,4.0,endcap,0.54545456,0.0,1405.0,0.1205998274220971,0.1535159670401515,0.0,0.0,0.36455557,0.4500282,2448.0
410000,92280,537836,1.210018e-10,,,0.0,0.0,0.0,-1.0,0.0,0.0,0.0,0.0,0.0,0.0,0.0,0.0,1.1810423,0.0,100284.72,129763.945,3,2,1,10,19,34,3,2,1,10,19,34,,,,,,,,,1.3111179,0.0,0.0,-1.0,3.0,endcap,0.5263158,0.0,1100.0,0.716985364683849,0.0666253977833329,0.0,0.0,0.38369867,0.44942153,2113.0
410000,25423,537836,1.8291961e-10,,,0.0,0.0,0.0,-1.0,0.0,0.0,0.0,0.0,0.0,0.0,0.0,0.0,0.9188645,0.0,62904.254,65910.3,0,2,2,3,17,31,0,2,2,3,17,31,,,,,,,,,1.7776258,0.0,0.0,-1.0,5.0,endcap,0.1764706,44.734436,1955.0,0.942763673328468,0.8223836454342774,0.9974387,0.9974387,0.48572206,0.5454579,3965.0
410000,113119,537836,1.3231925e-10,,,0.0,0.0,0.0,-1.0,0.0,0.0,0.0,0.0,0.0,0.0,0.0,0.0,1.5678936,0.0,66883.19,75375.97,1,0,2,5,23,32,1,0,2,5,24,32,,,,,,,,,0.75728416,0.0,0.0,-1.0,4.0,endcap,0.2173913,6.6144905,1582.0,0.9188605926667808,0.653120348268953,0.7689713,0.7689713,0.41553834,0.47017342,3099.0
410000,31203,537836,1.2313751e-10,,,0.0,0.0,0.0,-1.0,0.0,0.0,0.0,0.0,0.0,0.0,0.0,0.0,1.5396855,0.0,89567.555,98761.44,0,0,0,4,10,36,0,0,0,4,10,37,,,,,,,,,0.014055014,0.0,0.0,-1.0,7.0,endcap,0.4,339.47113,1776.0,0.9660627192775736,0.9448124317351908,0.0,0.0,0.4390952,0.48588398,3841.0
410000,101194,537836,1.4647558e-10,,,0.0,0.0,0.0,-1.0,0.0,0.0,0.0,0.0,0.0,0.0,0.0,0.0,2.7778761,0.0,133821.42,128776.95,1,0,1,10,31,46,1,0,1,10,35,49,,,,,,,,,0.82415897,0.0,0.0,-1.0,9.0,endcap,0.32258064,0.0,1905.0,0.8529715179481325,0.953893614557692,0.3930773,0.42658612,0.37588817,0.42868832,3536.0
410000,35876,537836,1.3080913e-10,,,10.718651,10.718651,10.718651,10.718651,0.0,0.0,0.6104398,0.0,4.0607834,0.0,0.14291932,0.0,2.3636212,0.0,52816.81,22121.021,2,1,1,8,13,41,2,1,1,8,14,42,,,,,,,,,0.574384,-1.393193,1.393193,-1.393193,11.0,endcap,0.61538464,9.492507,1377.0,0.3373925272451132,0.9360036915586198,0.9723599,0.9723599,0.46800563,0.5171816,2440.0
410000,36882,537836,1.919148e-10,,,0.0,0.0,0.0,-1.0,0.0,0.0,0.0,0.0,0.0,0.0,0.0,0.0,3.7287648,0.0,65141.06,76941.03,1,1,0,12,16,42,1,1,0,13,19,45,,,,,,,,,0.4874908,0.0,0.0,-1.0,11.0,endcap,0.75,6.1684966,1084.0,0.298885238929119,0.7713620307278873,0.0,0.0,0.34768206,0.39570928,2105.0
410000,11467,537836,1.4056019e-10,,,0.0,0.0,0.0,-1.0,0.0,0.0,0.0,0.0,0.0,0.0,0.0,0.0,1.2524155,0.0,148690.55,142464.98,1,1,1,3,28,38,1,1,1,3,28,38,,,,,,,,,0.3453672,0.0,0.0,-1.0,10.0,endcap,0.10714286,0.0,1300.0,0.9484868654936702,0.9303535074161726,0.524281,0.5242842,0.3544449,0.42268705,2976.0
410000,11623,537836,9.413168e-11,,,0.0,0.0,0.0,-1.0,0.0,0.0,0.0,0.0,0.0,0.0,0.0,0.0,2.330528,0.0,214240.28,213531.19,0,0,0,1,28,40,0,0,0,2,30,40,,,,,,,,,0.8650603,0.0,0.0,-1.0,9.0,endcap,0.035714287,82.88444,1287.0,0.9797902464566126,0.7586906183697814,0.0,0.0,0.51705694,0.5818937,2401.0
410000,3603,537836,1.2407554e-10,,,0.0,0.0,0.0,-1.0,0.0,0.0,0.0,0.0,0.0,0.0,0.0,0.0,2.7389598,0.0,63297.62,76278.945,0,0,0,3,31,33,0,0,0,3,31,34,,,,,,,,,0.321679,0.0,0.0,-1.0,5.0,endcap,0.09677419,0.0,1494.0,0.9473786928435256,0.416386770245684,0.0,0.0,0.36887217,0.43798387,2755.0
410000,3602,537836,1.2785918e-10,,,67.4147,7.4905224,9.9476385,22.038204,2.3150084,0.21297114,8.367847,10.412741,10.982043,6.85099,0.53000116,-0.6100004,1.753805,0.0,50550.742,49177.055,0,0,0,2,24,34,0,0,0,4,29,39,,,,,,,,,1.3077928,0.012204723,7.6655116,13.640193,10.0,endcap,0.083333336,33.92694,1545.0,0.9999113537681066,0.9247048376065252,0.6684914,0.6684914,0.3744923,0.423941,2868.0
410000,22773,537836,1.1795694e-10,,,16.655031,16.655031,16.655031,16.655031,0.0,0.6559462,0.0,9.489164,0.0,-0.14799583,0.0,0.0,2.6416502,0.0,60866.74,56538.14,0,1,0,12,25,36,0,1,0,13,28,36,,,,,,,,,0.21020746,-2.722,2.722,-2.722,5.0,endcap,0.48,0.0,1444.0,0.2010812854194049,0.6050221774133921,0.0,0.0,0.37112916,0.4215727,2830.0
410000,37233,537836,4.444832e-12,,,44.093338,6.299049,7.4576235,14.938677,0.0,7.313146,5.698009,0.364,6.460095,0.0,1.4310268,0.0,2.6648717,0.0,86106.13,68887.91,7,5,2,14,25,32,9,6,4,17,26,34,,,,,,,,,0.08334336,0.11391282,2.0626805,2.258,3.0,endcap,0.56,14.869385,1487.0,0.9857808439572964,0.3358456528424007,0.0,0.0,0.45191902,0.48815447,3397.0
410000,8749,537836,8.771827e-11,,,0.0,0.0,0.0,-1.0,0.0,0.0,0.0,0.0,0.0,0.0,0.0,0.0,1.917889,0.0,211977.17,219609.56,0,1,1,8,31,46,0,1,1,11,32,48,,,,,,,,,0.18791318,0.0,0.0,-1.0,4.0,endcap,0.2580645,0.0,3200.0,0.9026169834323164,0.9867085512365944,0.0,0.0,0.4322711,0.5015251,5875.0
410000,31719,537836,9.5872664e-11,,,0.0,0.0,0.0,-1.0,0.0,0.0,0.0,0.0,0.0,0.0,0.0,0.0,3.0114446,0.0,190388.3,200903.53,0,1,4,5,13,31,0,1,4,5,13,31,,,,,,,,,0.1617688,0.0,0.0,-1.0,4.0,endcap,0.3846154,0.0,2032.0,0.7821224385088015,0.9662203229145022,0.0,0.0,0.5553568,0.6126939,4979.0
410000,8401,537836,1.2122098e-10,,,58.264427,5.8264427,6.68587,12.849971,1.2480009,2.8213818,5.7193427,5.7989683,12.701008,-0.122,0.8390139,0.0,1.8636487,0.0,79577.2,81734.875,4,7,1,3,15,33,4,7,1,3,17,35,,,,,,,,,1.3082571,0.42063004,1.9945353,3.0084157,5.0,endcap,0.2,0.0,935.0,0.9996998301268004,0.1496935091739142,0.0,0.0,0.3111863,0.35585526,2196.0
410000,96908,537836,1.3829171e-10,,,37.43485,7.48697,10.1613655,20.687294,0.09935018,0.0,8.604314,0.0,15.366104,0.0,-0.11771768,0.0,2.7281919,0.0,48086.344,55263.055,2,0,1,5,15,31,2,0,1,5,15,31,,,,,,,,,0.29542947,0.5530234,1.3628004,2.427,6.0,endcap,0.33333334,11.09215,1873.0,0.9237360927665031,0.9667230366004476,0.83393234,0.83393234,0.3709872,0.43720338,4269.0
410000,110411,537836,1.8884369e-10,,,0.0,0.0,0.0,-1.0,0.0,0.0,0.0,0.0,0.0,0.0,0.0,0.0,3.2993793,0.0,66401.14,73504.54,0,0,3,7,15,40,0,0,3,7,17,43,,,,,,,,,0.028195143,0.0,0.0,-1.0,3.0,endcap,0.46666667,0.0,2499.0,0.6370866536977471,0.8810549697511422,0.0,0.0,0.4534893,0.50518787,4491.0
410000,137487,537836,1.5807412e-10,,,0.0,0.0,0.0,-1.0,0.0,0.0,0.0,0.0,0.0,0.0,0.0,0.0,2.3508332,0.0,104333.03,92923.47,2,0,1,11,18,33,2,0,1,11,18,33,,,,,,,,,0.8806546,0.0,0.0,-1.0,6.0,endcap,0.6111111,0.0,1401.0,0.6551363574917135,0.7304812458565941,0.0,0.0,0.39102104,0.4504641,2973.0
410000,98999,537836,1.3996779e-10,,,0.0,0.0,0.0,-1.0,0.0,0.0,0.0,0.0,0.0,0.0,0.0,0.0,2.0765283,0.0,71248.51,74553.47,1,3,4,3,26,38,1,3,4,3,26,39,,,,,,,,,0.64568293,0.0,0.0,-1.0,5.0,endcap,0.115384616,0.0,1847.0,0.9528973331425618,0.8265078026526473,0.85512686,0.85512686,0.44648585,0.4782584,3260.0
410000,139563,537836,1.642481e-10,,,0.0,0.0,0.0,-1.0,0.0,0.0,0.0,0.0,0.0,0.0,0.0,0.0,2.3268633,0.0,60123.973,55327.582,0,0,1,2,23,40,0,0,1,4,27,45,,,,,,,,,1.0008914,0.0,0.0,-1.0,11.0,endcap,0.08695652,0.0,2564.0,0.95719117935422,0.9924022817286816,0.8593035,0.87053716,0.5370066,0.56009746,4393.0
410000,139828,537836,1.3997525e-10,,,0.0,0.0,0.0,-1.0,0.0,0.0,0.0,0.0,0.0,0.0,0.0,0.0,2.2153838,0.0,94273.69,92028.414,0,3,0,3,24,47,0,4,1,4,25,48,,,,,,,,,0.77495533,0.0,0.0,-1.0,6.0,endcap,0.125,66.26518,2544.0,0.9665142639593908,0.9658964406343856,0.0,0.0,0.48675075,0.5125338,5020.0
410000,42119,537836,3.3496476e-11,,,0.0,0.0,0.0,-1.0,0.0,0.0,0.0,0.0,0.0,0.0,0.0,0.0,2.5672863,0.0,72475.42,49867.758,2,1,0,9,11,41,2,1,0,9,11,41,,,,,,,,,0.53993523,0.0,0.0,-1.0,5.0,endcap,0.8181818,0.0,1001.0,0.4835014360282345,0.3987806550326144,1.0533094,1.0533094,0.40644643,0.43040186,2211.0
410000,88377,537836,0.0,,,0.0,0.0,0.0,-1.0,0.0,0.0,0.0,0.0,0.0,0.0,0.0,0.0,3.0638747,0.0,51648.734,48779.49,4,3,0,7,7,35,4,3,0,10,7,35,,,,,,,,,2.0070024,0.0,0.0,-1.0,8.0,endcap,1.0,0.0,927.0,0.359056123696847,0.7198808783279521,0.4768616,0.4768616,0.4267594,0.49614233,2115.0
410000,88405,537836,0.0,,,0.0,0.0,0.0,-1.0,0.0,0.0,0.0,0.0,0.0,0.0,0.0,0.0,2.3595095,0.0,108666.23,91685.75,4,3,2,17,46,48,4,3,2,20,47,50,,,,,,,,,0.21182013,0.0,0.0,-1.0,5.0,endcap,0.36956522,0.0,2036.0,0.8497036122862753,0.9642655755046006,0.9620029,0.9620029,0.56248605,0.60071063,4162.0
410000,60823,537836,1.9640593e-10,,,25.979086,8.659696,10.0954075,15.818221,0.9282008,0.41065443,0.8750952,8.718839,3.669309,0.05151293,0.04218232,0.0,1.3157469,0.0,110104.516,56845.51,1,1,3,9,23,31,2,2,4,15,24,36,,,,,,,,,2.1484952,-1.2002527,2.6079934,0.8259556,12.0,endcap,0.39130434,9.7829,1406.0,0.6946550797014344,0.9135131528971364,0.0,0.0,0.2781613,0.33327052,2503.0
410000,60833,537836,2.0827674e-10,,,24.471453,8.157151,8.226151,9.258205,0.0,0.73150563,2.9506464,0.0,4.692136,0.0,1.4567934,0.0,1.9143738,0.0,58640.184,77978.53,3,2,1,5,19,35,3,4,2,5,20,40,,,,,,,,,1.8615426,-1.2751156,1.6146002,-0.0980884,5.0,endcap,0.2631579,0.0,1262.0,0.9307514362936936,0.3973321103819545,0.0,0.0,0.41403717,0.47474995,2643.0
410000,114501,537836,4.3954645e-12,,,0.0,0.0,0.0,-1.0,0.0,0.0,0.0,0.0,0.0,0.0,0.0,0.0,2.895504,0.0,80820.57,85708.88,0,1,1,3,16,31,0,1,1,3,16,31,,,,,,,,,0.15303373,0.0,0.0,-1.0,6.0,endcap,0.1875,0.0,2010.0,0.9109345130412668,0.9454173535117062,0.96679556,0.96679556,0.3977696,0.42688194,3758.0
410000,50975,537836,1.2779669e-10,,,0.0,0.0,0.0,-1.0,0.0,0.0,0.0,0.0,0.0,0.0,0.0,0.0,3.3106616,0.0,96708.086,86499.44,1,1,0,15,50,59,1,1,0,15,52,61,,,,,,,,,0.17451477,0.0,0.0,-1.0,5.0,endcap,0.3,0.0,1520.0,0.8003384359347616,0.7006868980756549,0.45970592,0.4632368,0.43238166,0.48601717,3075.0
410000,130915,537836,1.3330882e-10,,,0.0,0.0,0.0,-1.0,0.0,0.0,0.0,0.0,0.0,0.0,0.0,0.0,2.9742193,0.0,47152.383,48746.32,3,2,0,10,2,32,3,2,0,10,2,32,,,,,,,,,0.08198404,0.0,0.0,-1.0,5.0,endcap,5.0,6.3843155,1082.0,0.239596288095842,0.1517021151417125,0.0,0.0,0.3589328,0.39899084,2071.0
410000,42798,537836,0.0,,,0.0,0.0,0.0,-1.0,0.0,0.0,0.0,0.0,0.0,0.0,0.0,0.0,2.9247358,0.0,42364.234,53418.02,4,1,0,13,13,40,4,1,0,14,13,41,,,,,,,,,0.14257658,0.0,0.0,-1.0,10.0,endcap,1.0,0.0,1449.0,0.383206841827586,0.7573935698039966,0.0,0.0,0.37100238,0.44244385,2433.0
410000,91927,537836,0.0,,,0.0,0.0,0.0,-1.0,0.0,0.0,0.0,0.0,0.0,0.0,0.0,0.0,2.3857255,0.0,40917.516,93467.87,0,0,2,7,20,50,0,0,2,7,21,60,,,,,,,,,0.35373545,0.0,0.0,-1.0,5.0,endcap,0.35,0.0,2531.0,0.8601575659243281,0.9743649305043984,0.0,0.0,0.5938101,0.6368134,5051.0
410000,92097,537836,1.8549286e-10,,,33.48562,6.697123,7.675569,11.935186,0.0,0.0,8.190765,0.0,10.8780155,0.0,0.008000742,0.0,2.9861302,1.0518144,90379.22,116662.96,1,0,1,1,41,40,1,0,1,3,42,41,,,,,,,,,0.094166815,0.05653702,0.5874362,0.78619933,7.0,endcap,0.024390243,39.74546,2466.0,0.9641880851894984,0.986495162049689,0.0,0.0,0.38522223,0.44068533,4875.0
410000,145270,537836,1.9513602e-10,,,0.0,0.0,0.0,-1.0,0.0,0.0,0.0,0.0,0.0,0.0,0.0,0.0,2.0040212,0.0,48503.637,63635.617,2,0,1,4,32,32,2,0,1,5,34,34,,,,,,,,,0.90063167,0.0,0.0,-1.0,9.0,endcap,0.125,0.0,1511.0,0.9499995670024756,0.876853992761701,0.0,0.0,0.42040655,0.4550996,2977.0
410000,24134,537836,1.2500537e-10,,,0.0,0.0,0.0,-1.0,0.0,0.0,0.0,0.0,0.0,0.0,0.0,0.0,3.250508,0.0,46920.164,41136.176,2,0,1,9,15,37,2,0,1,10,15,38,,,,,,,,,0.23333865,0.0,0.0,-1.0,8.0,endcap,0.6,13.808133,2580.0,0.5105795475787385,0.9864571914457608,0.0,0.0,0.5614714,0.5966709,4524.0
410000,94723,537836,4.5731577e-10,,,1.207994,1.207994,1.207994,1.207994,1.1980679,0.0,0.088436045,0.0,-0.07850985,0.0,0.0,0.0,1.1640563,0.0,152957.36,141545.92,2,3,1,4,20,33,2,3,1,4,20,33,,,,,,,,,0.6042951,-28.043,28.043,-28.043,3.0,endcap,0.2,151.75394,2150.0,0.9561391621054092,0.9718057739125192,1.0011259,1.001126,0.5297539,0.6007846,3922.0
410000,75403,537836,1.1862211e-10,,,0.0,0.0,0.0,-1.0,0.0,0.0,0.0,0.0,0.0,0.0,0.0,0.0,2.7866142,0.0,137189.8,139203.22,0,0,1,4,12,33,0,0,1,4,12,33,,,,,,,,,1.140672,0.0,0.0,-1.0,8.0,endcap,0.33333334,0.0,1266.0,0.8456570153843734,0.795241089716445,0.0,0.0,0.536208,0.5698915,2666.0
410000,79371,537836,1.1543275e-10,,,0.0,0.0,0.0,-1.0,0.0,0.0,0.0,0.0,0.0,0.0,0.0,0.0,1.5778085,0.0,47365.43,30638.922,0,3,3,3,39,32,0,3,3,4,39,34,,,,,,,,,1.5840397,0.0,0.0,-1.0,6.0,endcap,0.07692308,0.0,1434.0,0.9579681803313488,0.6205138135020702,1.0420318,1.0466744,0.39461094,0.48170927,2512.0
410000,68462,537836,4.112245e-12,,,0.0,0.0,0.0,-1.0,0.0,0.0,0.0,0.0,0.0,0.0,0.0,0.0,2.106438,0.0,103691.99,104573.55,3,2,1,7,28,36,3,2,1,7,28,36,,,,,,,,,0.034198523,0.0,0.0,-1.0,5.0,endcap,0.25,93.9474,1976.0,0.9484457945009044,0.8991766052039905,0.0,0.0,0.43277803,0.48492193,3988.0
410000,16590,537836,1.1032588e-10,,,0.0,0.0,0.0,-1.0,0.0,0.0,0.0,0.0,0.0,0.0,0.0,0.0,3.0299096,0.0,138316.28,146677.1,1,1,2,8,26,34,1,1,2,9,28,38,,,,,,,,,0.019931078,0.0,0.0,-1.0,10.0,endcap,0.30769232,0.0,1773.0,0.8359249863480789,0.9588262510249153,0.6660144,0.73338884,0.4516647,0.5080378,3215.0
410000,36678,537836,0.0,,,98.132416,8.921128,10.796044,25.826672,0.44497567,0.21210858,10.9190645,19.482103,20.1831,-0.21200341,2.2550416,0.0,1.6846699,0.0,50195.168,53789.51,2,0,0,11,28,33,2,0,0,11,31,37,,,,,,,,,1.2907084,-0.44098538,1.5158197,1.3052133,4.0,endcap,0.39285713,0.0,1508.0,0.9999946295124396,0.6070599116350612,0.0,0.0,0.42747965,0.46116722,3405.0
410000,36800,537836,0.0,,,18.906773,3.1511288,3.94786,8.209606,2.5726502,0.0,3.5266857,0.30489436,3.033996,0.4835595,-0.00019382859,0.0066021304,1.610567,0.0,157977.97,162529.2,3,3,1,13,30,43,3,3,1,14,34,57,,,,,,,,,0.09343326,-0.5364941,1.7647884,0.7495341,8.0,endcap,0.43333334,164.59572,1803.0,0.979662664622283,0.9311751763751012,0.67982715,0.70255256,0.4039343,0.46739507,3404.0
410000,56876,537836,1.6680007e-10,,,0.0,0.0,0.0,-1.0,0.0,0.0,0.0,0.0,0.0,0.0,0.0,0.0,2.4273226,0.0,127544.02,125088.41,2,0,0,6,12,42,2,0,0,6,14,43,,,,,,,,,0.09151137,0.0,0.0,-1.0,5.0,endcap,0.5,0.0,2019.0,0.7585763824432028,0.9329703375330338,0.5889823,0.5889823,0.45305407,0.5011576,4012.0
410000,81197,537836,4.491908e-12,,,0.0,0.0,0.0,-1.0,0.0,0.0,0.0,0.0,0.0,0.0,0.0,0.0,1.5488454,0.0,43452.65,53577.305,4,1,2,11,5,33,4,1,2,14,5,34,,,,,,,,,0.7135731,0.0,0.0,-1.0,5.0,endcap,2.2,13.759604,1784.0,0.4147308687176688,0.8523758564841102,1.0569943,1.0569943,0.35966378,0.4150636,3422.0
410000,30209,537836,2.0279964e-10,,,0.0,0.0,0.0,-1.0,0.0,0.0,0.0,0.0,0.0,0.0,0.0,0.0,2.4300027,0.0,94318.336,62377.35,3,2,0,8,28,31,3,2,0,12,29,31,,,,,,,,,0.6913464,0.0,0.0,-1.0,3.0,endcap,0.2857143,37.897804,1082.0,0.9109347863069496,0.0749049372678568,0.0,0.0,0.41072452,0.4935451,2219.0
410000,19014,537836,1.272404e-10,,,0.0,0.0,0.0,-1.0,0.0,0.0,0.0,0.0,0.0,0.0,0.0,0.0,2.5895524,0.0,156099.23,129658.81,0,2,0,4,31,39,0,2,0,5,33,40,,,,,,,,,0.60495114,0.0,0.0,-1.0,8.0,endcap,0.12903225,0.0,1942.0,0.9437100045806762,0.9562885134333126,0.0,0.0,0.39407924,0.4697936,3960.0
410000,75325,537836,1.169944e-10,,,46.906017,9.381203,10.609825,18.540825,0.0,0.22783142,6.254707,0.0,11.667325,0.0,3.8534038,0.0,3.058917,0.0,53258.773,45420.574,1,0,0,8,40,48,1,0,0,8,43,57,,,,,,,,,0.27919734,0.5872983,1.4732492,2.2489917,7.0,endcap,0.2,0.0,1280.0,0.9704928032870896,0.6524592546988135,0.9231242,0.9231242,0.60263336,0.6470202,2518.0
410000,148057,537836,9.9734075e-11,,,1.408927,0.70446354,0.78998107,1.0619565,0.094326586,0.0,0.6188661,0.0,-0.12073553,0.0,0.0,0.0,2.1430354,0.0,96325.28,103608.805,0,2,1,6,32,31,0,2,1,6,35,34,,,,,,,,,0.31316507,-0.74349993,2.4834094,1.626,7.0,endcap,0.1875,0.0,1300.0,0.9415233648854224,0.7732951998199528,0.8137423,0.83612704,0.3377013,0.4128048,2878.0
410000,66582,537836,5.971488e-14,,,38.574192,7.7148385,8.38989,11.4724245,0.0,1.4419539,9.446984,0.0,7.586114,0.0,0.25800288,0.0,1.5799731,0.0,128343.414,111093.3,1,3,2,9,12,40,1,3,2,12,14,44,,,,,,,,,0.26081347,-0.9171424,1.1987182,-0.17749777,3.0,endcap,0.75,8.109974,1146.0,0.8873042004233987,0.0896070614172324,0.0,0.0,0.3778074,0.4546387,2432.0
410000,88708,537836,0.0,,,8.965906,4.482953,4.4856415,4.6382403,0.0,0.0,0.78501487,0.0,3.6199687,0.0,-0.117,0.0,2.4122093,0.0,71746.305,72515.22,1,3,1,7,33,38,1,3,3,8,33,39,,,,,,,,,0.12598586,0.2266523,0.5264588,0.7018234,6.0,endcap,0.21212122,0.0,1285.0,0.8856385103968138,0.2975808996060184,0.0,0.0,0.5100175,0.5643986,2322.0
410000,79015,537836,1.347915e-10,,,0.40941998,0.40941998,0.40941998,0.40941998,0.0,-0.22676063,-0.05729579,0.0,-0.48211974,0.0,1.00859,0.0,2.0873022,0.0,55845.574,93794.62,1,2,0,8,32,37,3,3,1,10,36,42,,,,,,,,,0.21759522,3.2015018,3.2015018,3.2015018,5.0,endcap,0.25,0.0,1901.0,0.9168561091414256,0.7659385614009845,0.6088209,0.6088209,0.4305134,0.46766728,3681.0
410000,54997,537836,1.3342082e-10,,,0.0,0.0,0.0,-1.0,0.0,0.0,0.0,0.0,0.0,0.0,0.0,0.0,2.9524353,0.0,62402.605,74729.266,0,1,1,9,13,35,0,1,1,9,13,35,,,,,,,,,0.017475843,0.0,0.0,-1.0,3.0,endcap,0.6923077,0.0,1432.0,0.4918781835723432,0.2160686785616786,0.0,0.0,0.4136253,0.47393203,2930.0
410000,21681,537836,4.791129e-10,,,18.813725,9.406862,9.536783,10.975676,0.28997186,0.29899082,1.311013,-0.16703342,7.053999,0.0,0.21700363,-0.05112591,4.1701694,0.0,82304.09,79283.78,1,1,1,7,8,31,1,1,1,7,10,32,,,,,,,,,0.34396228,0.91790605,0.98170507,1.2660345,4.0,endcap,0.875,22.148539,987.0,0.0735868275192677,0.0647915208905623,0.0,0.0,0.31732094,0.35930225,1950.0
410000,55700,537836,1.3625322e-10,,,0.0,0.0,0.0,-1.0,0.0,0.0,0.0,0.0,0.0,0.0,0.0,0.0,1.314395,0.0,49276.805,30767.965,0,0,0,10,25,58,0,0,0,13,27,62,,,,,,,,,1.4584008,0.0,0.0,-1.0,4.0,endcap,0.4,0.0,1002.0,0.8177376262058398,0.1169823017183837,0.7475017,0.759148,0.33809143,0.42370304,1847.0
410000,53252,537836,9.831324e-11,,,0.0,0.0,0.0,-1.0,0.0,0.0,0.0,0.0,0.0,0.0,0.0,0.0,3.2006073,0.0,182998.42,176272.5,2,2,2,10,11,36,2,2,2,10,14,39,,,,,,,,,0.16091162,0.0,0.0,-1.0,3.0,endcap,0.90909094,0.0,1442.0,0.3503641286817567,0.1766315319263629,0.0,0.0,0.36878893,0.41092134,2794.0
410000,131793,537836,1.2799058e-10,,,0.0,0.0,0.0,-1.0,0.0,0.0,0.0,0.0,0.0,0.0,0.0,0.0,2.4960968,0.0,57516.168,58557.2,0,1,6,8,14,31,0,1,6,10,15,32,,,,,,,,,0.1707449,0.0,0.0,-1.0,12.0,endcap,0.5714286,0.0,1246.0,0.6924176835233791,0.907943439342966,0.86833096,0.86833096,0.33247763,0.41397187,2270.0
410000,117423,537836,0.0,,,0.0,0.0,0.0,-1.0,0.0,0.0,0.0,0.0,0.0,0.0,0.0,0.0,3.4523208,0.0,768119.44,775930.25,3,2,0,6,16,32,4,3,1,6,18,33,,,,,,,,,0.081189156,0.0,0.0,-1.0,7.0,endcap,0.375,0.0,2370.0,0.6942117154559806,0.9651573090492148,0.0,0.0,0.46943298,0.51941043,4101.0
410000,60416,537836,1.7785715e-10,,,51.64833,12.912083,14.964869,25.608585,0.0,11.056826,3.2558427,-0.5816149,8.148805,0.0,3.4668846,0.0,1.7479899,0.0,56363.7,65669.47,0,1,1,13,7,35,0,1,1,14,7,36,,,,,,,,,0.40627718,0.6069754,0.8485963,1.2162994,11.0,endcap,1.8571428,0.0,1458.0,0.4882691485865278,0.8875833465989036,0.0,0.0,0.46613207,0.51992005,2797.0
410000,107953,537836,0.0,,,0.0,0.0,0.0,-1.0,0.0,0.0,0.0,0.0,0.0,0.0,0.0,0.0,2.7282352,0.0,130334.195,142902.81,4,2,2,11,31,44,4,2,2,11,31,44,,,,,,,,,0.1082558,0.0,0.0,-1.0,5.0,endcap,0.3548387,45.940983,2102.0,0.8665966976414676,0.982625457730142,0.9408413,0.9408413,0.56821805,0.60113096,4546.0
410000,16017,537836,1.00866045e-10,,,0.0,0.0,0.0,-1.0,0.0,0.0,0.0,0.0,0.0,0.0,0.0,0.0,4.1475983,0.0,218059.52,204894.67,2,3,0,11,32,37,2,3,0,13,35,38,,,,,,,,,0.14181042,0.0,0.0,-1.0,6.0,endcap,0.34375,0.0,1850.0,0.5083731188168101,0.8785103509313295,1.0209222,1.0209222,0.49008635,0.5493577,3290.0
410000,16178,537836,1.2807998e-10,,,19.353481,2.7647831,3.8441217,8.723142,3.6077042,0.0,1.3787826,4.7643433,0.8830695,0.2287228,0.025406078,0.0,2.7026415,0.0,119445.3,112524.266,4,3,1,7,28,37,4,3,1,8,28,37,,,,,,,,,0.4224925,0.8424763,5.8689575,7.318,10.0,endcap,0.25,0.0,1844.0,0.969782330321146,0.961549458645684,0.6428585,0.7108128,0.3767333,0.43565652,3438.0
410000,3772,537836,1.1847186e-10,,,0.0,0.0,0.0,-1.0,0.0,0.0,0.0,0.0,0.0,0.0,0.0,0.0,2.8933175,0.0,103252.84,98135.92,0,3,1,5,19,40,0,3,1,7,23,40,,,,,,,,,0.7003772,0.0,0.0,-1.0,4.0,endcap,0.2631579,78.687126,1411.0,0.9141185895535682,0.7533347985770914,0.0,0.0,0.51778626,0.5547281,3583.0
410000,3882,537836,8.762551e-11,,,0.0,0.0,0.0,-1.0,0.0,0.0,0.0,0.0,0.0,0.0,0.0,0.0,2.760186,0.0,232593.12,214883.66,2,0,1,10,28,32,2,0,1,10,30,33,,,,,,,,,0.23317575,0.0,0.0,-1.0,7.0,endcap,0.35714287,221.57227,2034.0,0.9333978108064064,0.957594373684062,0.9958227,0.9958227,0.48025477,0.53350633,3635.0
410000,64681,537836,3.4234532e-11,,,0.0,0.0,0.0,-1.0,0.0,0.0,0.0,0.0,0.0,0.0,0.0,0.0,2.4907374,0.0,100606.01,93262.164,0,0,3,2,28,35,0,0,3,4,28,38,,,,,,,,,0.45853472,0.0,0.0,-1.0,3.0,endcap,0.071428575,0.0,1293.0,0.959174104857869,0.1463869605964123,0.0,0.0,0.33778915,0.43051305,2697.0
410000,64693,537836,3.5210185e-11,,,0.0,0.0,0.0,-1.0,0.0,0.0,0.0,0.0,0.0,0.0,0.0,0.0,2.599286,0.0,99319.85,74418.44,0,4,1,10,34,33,0,4,1,14,35,34,,,,,,,,,0.6710758,0.0,0.0,-1.0,9.0,endcap,0.29411766,26.897781,936.0,0.8948923799781315,0.7265336697696498,0.37638152,0.37638152,0.39079243,0.4552608,2174.0
410000,56480,537836,0.0,,,0.0,0.0,0.0,-1.0,0.0,0.0,0.0,0.0,0.0,0.0,0.0,0.0,0.8529584,0.0,46762.973,55424.17,2,0,2,9,18,31,2,0,2,10,18,32,,,,,,,,,0.27036846,0.0,0.0,-1.0,7.0,endcap,0.5,14.235242,1482.0,0.7495887885953632,0.8742356355503591,0.0,0.0,0.32968432,0.39010367,3415.0
410000,137820,537836,1.2714647e-10,,,40.653225,5.8076034,6.699289,10.920577,1.5483342,1.2165098,3.243836,0.0070614684,6.8019257,0.0,0.8446412,8.179652,2.8299093,0.0,77118.59,89137.15,0,2,1,20,22,33,0,2,1,21,24,35,,,,,,,,,0.11881328,0.47949737,3.2618134,3.8723335,8.0,endcap,0.90909094,39.865177,1926.0,0.8550127718104061,0.9374891243724376,0.7406137,0.7646531,0.41167355,0.47432917,3562.0
410000,137925,537836,9.6552315e-11,,,0.0,0.0,0.0,-1.0,0.0,0.0,0.0,0.0,0.0,0.0,0.0,0.0,2.825808,0.0,226366.28,237403.67,9,6,1,6,18,44,9,6,1,9,20,46,,,,,,,,,0.17896158,0.0,0.0,-1.0,8.0,endcap,0.33333334,0.0,2413.0,0.8417012395387503,0.982657596428845,0.0,0.0,0.48124716,0.5178456,4355.0
410000,107446,537836,0.0,,,3.1223345,3.1223345,3.1223345,3.1223345,-0.058655202,0.0,0.19062038,0.0,0.8698928,0.0,0.02246885,0.0,2.4160843,0.0,61520.086,29922.89,1,1,4,7,21,31,1,1,4,7,21,32,,,,,,,,,0.6291252,0.589,0.589,0.589,9.0,endcap,0.33333334,0.0,2079.0,0.834047346121586,0.9622894894356082,0.0,0.0,0.50509334,0.5585385,3941.0
410000,117826,537836,0.0,,,0.0,0.0,0.0,-1.0,0.0,0.0,0.0,0.0,0.0,0.0,0.0,0.0,2.4719598,0.0,129582.07,117446.516,1,2,0,10,16,36,1,2,0,10,16,37,,,,,,,,,0.7216828,0.0,0.0,-1.0,6.0,endcap,0.625,22.334845,1058.0,0.6673848229542187,0.3818233649577922,0.8160909,0.8160909,0.47654268,0.55308425,1852.0
410000,138750,537836,1.2748932e-10,,,0.0,0.0,0.0,-1.0,0.0,0.0,0.0,0.0,0.0,0.0,0.0,0.0,2.9191935,0.0,45744.004,22638.494,1,2,1,8,17,32,1,2,1,9,18,32,,,,,,,,,2.4734895,0.0,0.0,-1.0,7.0,endcap,0.47058824,0.0,1071.0,0.7246755286236983,0.626566630979877,0.4812466,0.48167446,0.36812612,0.42086273,2348.0
410000,53563,537836,1.2281147e-10,,,4.554862,2.2774308,2.3110254,2.670046,0.1630049,0.0,0.52499294,0.0,0.91898936,0.0,-0.029000556,0.0,4.6751266,0.0,68898.484,70199.086,1,4,0,7,27,49,1,4,0,10,28,60,,,,,,,,,1.2090682,-2.25,5.314765,2.565,3.0,endcap,0.25925925,15.900598,918.0,0.3306816272282753,0.1027743333233912,1.0049672,1.0094154,0.48388132,0.5394188,2168.0
410000,53592,537836,1.1612254e-10,,,0.0,0.0,0.0,-1.0,0.0,0.0,0.0,0.0,0.0,0.0,0.0,0.0,3.1569164,0.0,44949.03,46805.91,0,1,0,6,15,34,0,1,0,6,15,35,,,,,,,,,0.27660394,0.0,0.0,-1.0,11.0,endcap,0.4,0.0,1033.0,0.744312879032842,0.6707629440034941,0.0,0.0,0.33017984,0.4055785,1827.0
410000,73071,537836,3.1066408e-10,,,0.0,0.0,0.0,-1.0,0.0,0.0,0.0,0.0,0.0,0.0,0.0,0.0,2.63778,0.0,117215.82,104281.914,0,4,1,7,39,33,0,4,1,8,42,35,,,,,,,,,1.5288217,0.0,0.0,-1.0,9.0,endcap,0.17948718,0.0,986.0,0.9264848742654784,0.7806110362951748,0.603082,0.60967267,0.3304091,0.39172685,2082.0
410000,109368,537836,1.1982516e-10,,,0.0,0.0,0.0,-1.0,0.0,0.0,0.0,0.0,0.0,0.0,0.0,0.0,3.9982994,0.0,194463.7,198362.77,0,0,0,12,46,57,0,0,0,13,48,58,,,,,,,,,0.059949875,0.0,0.0,-1.0,5.0,endcap,0.26086956,0.0,2747.0,0.6602715892056825,0.993401513341398,0.92621523,0.92621523,0.5704267,0.61363375,5170.0
410000,109429,537836,1.4475839e-10,,,0.0,0.0,0.0,-1.0,0.0,0.0,0.0,0.0,0.0,0.0,0.0,0.0,1.3331556,0.0,136515.03,132984.53,1,0,0,6,13,42,1,0,0,7,14,44,,,,,,,,,1.0617659,0.0,0.0,-1.0,6.0,endcap,0.46153846,14.683057,1296.0,0.7862229696966281,0.6839397443832629,0.64794195,0.64794195,0.5006072,0.54895514,2579.0
410000,86515,537836,3.2753958e-12,,,0.0,0.0,0.0,-1.0,0.0,0.0,0.0,0.0,0.0,0.0,0.0,0.0,2.6210802,0.0,148110.31,156230.88,3,1,0,9,12,44,3,1,0,10,12,47,,,,,,,,,0.47304463,0.0,0.0,-1.0,3.0,endcap,0.75,72.772255,1981.0,0.5748110409054059,0.7596271768426395,0.70175844,0.7017584,0.47689274,0.51078916,3710.0
410000,57709,537836,0.0,,,0.0,0.0,0.0,-1.0,0.0,0.0,0.0,0.0,0.0,0.0,0.0,0.0,2.6212864,0.0,260610.1,236240.94,1,2,2,12,24,32,2,2,3,17,27,36,,,,,,,,,0.6301592,0.0,0.0,-1.0,6.0,endcap,0.5,5.033816,1224.0,0.7483798290859698,0.5491581386833835,0.64819103,0.64819103,0.44229296,0.51816124,2310.0
410000,58938,537836,1.5894913e-10,,,0.0,0.0,0.0,-1.0,0.0,0.0,0.0,0.0,0.0,0.0,0.0,0.0,2.808049,0.0,107453.39,89740.555,0,1,0,4,17,34,0,1,0,7,17,36,,,,,,,,,0.5193572,0.0,0.0,-1.0,6.0,endcap,0.23529412,0.0,1590.0,0.8961088323428128,0.751837495736909,0.0,0.0,0.3867768,0.4512874,3124.0
410000,138426,537836,1.5850812e-10,,,0.0,0.0,0.0,-1.0,0.0,0.0,0.0,0.0,0.0,0.0,0.0,0.0,3.3259585,0.0,66347.36,56553.082,1,0,1,3,26,31,1,0,1,3,26,31,,,,,,,,,0.01576744,0.0,0.0,-1.0,8.0,endcap,0.115384616,0.0,958.0,0.909522508803783,0.3845219258086689,0.0,0.0,0.42002672,0.4425588,1861.0
410000,145380,537836,1.825141e-10,,,0.0,0.0,0.0,-1.0,0.0,0.0,0.0,0.0,0.0,0.0,0.0,0.0,2.698984,0.0,50929.32,68751.12,1,0,2,7,12,33,1,0,2,7,12,35,,,,,,,,,1.8965843,0.0,0.0,-1.0,5.0,endcap,0.5833333,0.0,1176.0,0.6516521790554919,0.3019094448486985,0.0,0.0,0.3290965,0.39202467,2472.0
410000,145383,537836,1.0965877e-10,,,0.0,0.0,0.0,-1.0,0.0,0.0,0.0,0.0,0.0,0.0,0.0,0.0,0.884381,0.0,189170.31,193460.34,2,0,1,13,23,31,2,0,1,13,24,31,,,,,,,,,0.030892849,0.0,0.0,-1.0,8.0,endcap,0.5652174,168.08649,1522.0,0.8364474402342887,0.8636002578100939,0.82827,0.8413606,0.39022502,0.43326366,2929.0
410000,108900,537836,1.5798025e-10,,,28.612083,7.1530213,9.582332,18.11601,0.2085091,9.828295,2.8008847,2.1743238,1.3306727,0.04505149,0.04508944,0.0,1.4520144,0.0,73942.52,55594.89,0,0,0,2,29,39,0,0,0,4,30,40,,,,,,,,,0.7570432,0.19089182,3.002512,4.782633,4.0,endcap,0.06896552,18.942327,1891.0,0.9621581950990524,0.6988245454963842,0.0,0.0,0.38729727,0.46305797,3764.0
410000,54282,537836,2.8135586e-10,,,0.0,0.0,0.0,-1.0,0.0,0.0,0.0,0.0,0.0,0.0,0.0,0.0,1.3875462,0.0,98406.84,92615.84,4,6,1,19,28,35,4,6,1,21,29,36,,,,,,,,,0.29700136,0.0,0.0,-1.0,4.0,endcap,0.6785714,388.35663,1864.0,0.8969702367755736,0.8366854884930217,0.8681563,0.8681563,0.47065383,0.521062,3669.0
410000,116771,537836,0.0,,,0.0,0.0,0.0,-1.0,0.0,0.0,0.0,0.0,0.0,0.0,0.0,0.0,1.1408463,0.0,53725.527,68083.516,3,4,4,8,28,36,3,4,4,12,29,39,,,,,,,,,0.6463795,0.0,0.0,-1.0,7.0,endcap,0.2857143,36.860622,1246.0,0.9035551822792608,0.7065745563745265,0.22899735,0.22899735,0.4179492,0.47450775,2635.0
410000,64323,537836,3.455444e-11,,,0.0,0.0,0.0,-1.0,0.0,0.0,0.0,0.0,0.0,0.0,0.0,0.0,1.8677719,0.0,82605.336,80754.75,1,1,3,11,22,37,2,1,3,11,23,39,,,,,,,,,0.40836143,0.0,0.0,-1.0,4.0,endcap,0.5,0.0,1349.0,0.748494164734717,0.2560930972741696,0.0,0.0,0.4448775,0.50942177,2668.0
410000,84510,537836,4.807402e-10,,,0.0,0.0,0.0,-1.0,0.0,0.0,0.0,0.0,0.0,0.0,0.0,0.0,3.1523936,0.0,60940.402,53147.4,0,0,0,10,21,33,0,0,0,11,24,35,,,,,,,,,0.12625268,0.0,0.0,-1.0,7.0,endcap,0.47619048,0.0,1971.0,0.6695654068163759,0.9255855218692028,0.0,0.0,0.5148119,0.55870897,3658.0
410000,84635,537836,1.641466e-10,,,16.082544,5.360849,6.3838134,10.20661,0.5879413,0.0,1.9543544,0.0,4.713035,0.0,0.0,0.0,0.8602006,0.0,388643.8,370185.6,9,16,3,9,19,42,14,21,4,10,20,44,,,,,,,,,0.092249155,3.0428507,5.042654,6.9565525,5.0,endcap,0.47368422,0.0,3202.0,0.6516508434281824,0.9907405878121742,0.0,0.0,0.5140686,0.56163234,5888.0
