runNumber,eventNumber,mcChannelNumber,eventWeight,MSTracklet_barrel_avg_dR_raw,MSTracklet_barrel_rms_dR_raw,MSeg_barrel_avg_dR_raw,MSeg_barrel_rms_dR_raw,MS1Vtx_barrel_hits_ntot_raw,MSVtx_MET_dphi_raw,MS1Vtx_avg_clustime_raw,MS1Vtx_rms_clustime_raw,MS1Vtx_maxclustime_raw,MS1Vtx_nTracklet_raw,htmiss_NOSYS,met_met_NOSYS,msegUnAssoc_nBIL,msegUnAssoc_nBML,msegUnAssoc_nBOL,msegUnAssoc_nEIL,msegUnAssoc_nEML,msegUnAssoc_nEOL,muSeg_nBIL,muSeg_nBML,muSeg_nBOL,muSeg_nEIL,muSeg_nEML,muSeg_nEOL,msvtx_nRPC_s
410000,69979,537838,1.7217086090148825e-10,0.0,0.0,0.1594972014427185,0.2003854215145111,2102.0,0.022463560104370117,0.0,0.0,-1.0,4.0,176932.703125,183779.9375,13,16,17,7,0,1,14,20,21,7,0,1,1488
410000,41209,537838,0.0,0.0,0.0,0.29655349254608154,0.36754560470581055,2759.0,0.3194487690925598,0.0,0.0,-1.0,8.0,67534.09375,98449.609375,12,11,19,11,0,8,18,15,21,12,1,10,1958
410000,76932,537838,1.5156922938963646e-10,0.0,0.0,0.1641315519809723,0.2348887026309967,2346.0,0.04339984059333801,0.0,0.0,-1.0,4.0,102881.75,92184.140625,11,20,19,6,5,4,12,21,21,7,7,7,1738
410000,2070,537838,1.8080371921858074e-10,0.5786470770835876,0.6993902325630188,0.3123742938041687,0.39997100830078125,2057.0,0.056810203939676285,0.0,0.0,-1.0,9.0,85073.140625,76337.8203125,7,15,18,6,0,2,8,19,20,7,2,4,1384
410000,119188,537838,5.34557502429589e-11,0.0,0.0,0.22374571859836578,0.2877063751220703,1961.0,0.26614904403686523,0.0,0.0,-1.0,4.0,411246.75,427738.25,3,16,16,6,1,0,3,17,17,8,1,1,1395
410000,21724,537838,2.3516691372016396e-10,0.5200909376144409,0.5203971266746521,0.19959069788455963,0.2585790157318115,2469.0,0.0182039737701416,0.0,0.0,-1.0,4.0,45004.08203125,59177.265625,3,14,18,15,3,7,5,18,21,17,4,8,1814
410000,55933,537838,1.7382457973003085e-10,0.0,0.0,0.16855590045452118,0.21028989553451538,1924.0,0.12931060791015625,-0.6862824559211731,0.8416100740432739,0.0,3.0,99148.4375,105740.4765625,9,15,33,13,0,2,9,15,33,13,0,2,1282
410000,32468,537838,6.276007491479163e-10,0.0,0.0,0.22320470213890076,0.23669202625751495,3999.0,0.20095586776733398,0.0,0.0,-1.0,4.0,72891.4375,73926.328125,2,24,18,11,1,2,2,24,18,13,2,3,3077
410000,110976,537838,1.463777848931258e-10,0.0,0.0,0.12775187194347382,0.17035196721553802,1897.0,0.021216869354248047,0.0,0.0,-1.0,3.0,170036.1875,165839.046875,0,11,17,7,1,2,1,13,19,8,2,2,1438
410000,63390,537838,2.5705876316450826e-10,0.0,0.0,0.26480552554130554,0.3346985876560211,3315.0,0.17665743827819824,-0.46425914764404297,1.14646577835083,0.5839999914169312,4.0,32031.673828125,39002.53125,13,20,20,7,2,1,13,21,21,7,2,1,2274
410000,125715,537838,2.0258311694831832e-10,0.0,0.0,0.17945469915866852,0.24655990302562714,2643.0,0.30305546522140503,0.0,0.0,-1.0,5.0,29957.880859375,48587.1484375,4,19,24,9,1,0,4,22,27,9,1,0,1922
410000,24574,537838,1.9827535446825806e-10,0.0,0.0,0.32260945439338684,0.3850383162498474,3504.0,0.42902129888534546,0.0,0.0,-1.0,10.0,205736.078125,205561.921875,1,18,29,2,0,2,1,18,29,2,0,2,2543
410000,90279,537838,2.616074856742756e-10,0.0,0.0,0.397718220949173,0.4485096037387848,3283.0,0.6279189586639404,-1.0806666612625122,3.845695734024048,3.9149999618530273,11.0,60775.4609375,36066.58203125,9,24,23,7,0,5,9,27,26,7,0,5,2383
410000,9399,537838,2.7854904494084565e-10,0.0,0.0,0.31385338306427,0.4156571328639984,2427.0,0.48926687240600586,0.0,0.0,-1.0,5.0,30487.625,42432.64453125,18,22,18,9,3,4,20,25,21,12,5,5,1671
410000,9463,537838,2.475928906342517e-10,0.0,0.0,0.2722233831882477,0.3218814730644226,3676.0,1.8523327112197876,0.0,0.0,-1.0,6.0,23476.701171875,22412.431640625,3,25,17,4,4,4,3,25,17,4,4,5,2573
410000,84221,537838,6.76088005024944e-12,0.0,0.0,0.35605254769325256,0.4140292704105377,3828.0,0.6167004108428955,0.0,0.0,-1.0,9.0,84906.765625,91582.6875,7,12,20,2,3,2,12,16,24,2,3,2,2766
410000,81007,537838,1.665174942377945e-10,0.0,0.0,0.22632959485054016,0.2596297860145569,2370.0,0.09644776582717896,0.0,0.0,-1.0,9.0,55594.046875,56188.296875,1,10,22,6,1,4,5,15,25,6,1,4,1655
410000,57121,537838,5.389582113934921e-10,0.0,0.0,0.1949770748615265,0.2611972689628601,2610.0,2.826474666595459,0.0,0.0,-1.0,5.0,21113.9140625,20534.212890625,3,23,17,10,3,6,3,24,18,11,3,6,1949
410000,79759,537838,0.0,0.0,0.0,0.3684888184070587,0.4089599549770355,3131.0,1.0995177030563354,0.0,0.0,-1.0,3.0,63838.17578125,66685.234375,4,10,19,7,2,5,4,13,24,9,3,6,2000
410000,79792,537838,0.0,0.0,0.0,0.2972865402698517,0.409453809261322,3977.0,0.05889914929866791,0.0,0.0,-1.0,3.0,291023.625,296893.46875,5,21,23,5,10,17,8,27,28,5,11,19,2682
410000,49333,537838,2.0609659812098613e-10,0.0,0.0,0.3001673221588135,0.3727026581764221,4034.0,1.948995590209961,0.0,0.0,-1.0,5.0,30626.3125,27513.546875,6,14,16,12,0,2,9,16,16,12,0,2,2921
410000,126691,537838,0.0,0.0,0.0,0.19666512310504913,0.2337857186794281,2043.0,0.30988940596580505,0.0,0.0,-1.0,6.0,58175.3359375,59108.09375,5,17,21,8,1,2,5,19,23,8,1,2,1443
410000,117239,537838,5.0479824313665045e-12,0.0,0.0,0.23938682675361633,0.311039537191391,5240.0,0.14150738716125488,0.0,0.0,-1.0,6.0,162675.546875,149681.1875,19,24,17,15,2,6,24,27,21,15,3,7,3805
410000,71191,537838,4.783706417099687e-11,0.0,0.0,0.3089677393436432,0.3444240689277649,3802.0,0.6433744430541992,0.0,0.0,-1.0,9.0,33988.8359375,37453.17578125,2,14,16,4,1,0,3,16,17,5,1,0,2690
410000,86624,537838,0.0,0.0,0.0,0.3101992905139923,0.35105621814727783,3370.0,0.06353271007537842,0.0,0.0,-1.0,5.0,62433.4375,92739.2578125,22,20,18,17,1,7,26,22,19,18,2,7,2455
410000,83180,537838,1.7246257200120851e-10,0.9020437598228455,0.9061258435249329,0.23980069160461426,0.2949100732803345,2742.0,0.0525965690612793,0.0,0.0,-1.0,8.0,109185.765625,113002.15625,14,31,22,2,3,0,15,33,23,2,4,1,1967
410000,8955,537838,1.4683197713249996e-10,0.15926864743232727,0.15926864743232727,0.38263818621635437,0.49754810333251953,4670.0,0.5451382398605347,-0.8162221908569336,2.7926533222198486,1.9708871841430664,9.0,175062.640625,186621.828125,7,36,53,1,0,2,8,37,53,1,1,5,3314
410000,76540,537838,5.817017440651329e-12,0.0,0.0,0.2813756465911865,0.3315373361110687,3497.0,0.38072669506073,0.0,0.0,-1.0,4.0,74905.5703125,60275.83984375,4,8,25,9,1,4,4,9,26,9,1,4,2679
410000,22848,537838,1.5695870991816463e-10,0.09343413263559341,0.09343413263559341,0.3209398686885834,0.38138285279273987,4111.0,0.26572680473327637,0.0,0.0,-1.0,6.0,71902.5546875,78426.515625,8,15,19,5,2,4,13,17,22,5,2,4,2919
410000,8750,537838,3.4944686033711037e-12,0.0,0.0,0.2304316908121109,0.28184905648231506,3328.0,0.01738893985748291,-2.564861536026001,2.564861536026001,-2.564861536026001,6.0,192192.65625,230879.78125,7,19,18,6,1,2,8,19,19,14,1,2,2521
410000,110312,537838,1.7520304651519325e-10,0.0,0.0,0.19240278005599976,0.23538894951343536,3403.0,1.2048214673995972,2.6689999103546143,2.6689999103546143,2.6689999103546143,3.0,32777.5390625,45511.828125,3,23,16,2,2,2,3,24,17,3,2,2,2586
410000,110328,537838,1.778458491585866e-10,0.9276725053787231,0.9276725053787231,0.233970507979393,0.34662380814552307,3495.0,0.3683466911315918,0.0,0.0,-1.0,3.0,71332.3515625,65806.6328125,10,34,21,11,3,6,10,34,21,11,4,7,2570
410000,55219,537838,1.3934862985731655e-10,0.5770074129104614,0.5770074129104614,0.32905134558677673,0.4141616225242615,1894.0,0.3870179057121277,0.0,0.0,-1.0,6.0,255492.4375,256923.59375,1,30,41,6,1,2,1,33,44,10,2,3,1317
410000,6483,537838,6.555322396017971e-10,0.0,0.0,0.29872751235961914,0.38464900851249695,2253.0,2.7239632606506348,4.453925132751465,5.983215808868408,9.612000465393066,3.0,54210.1484375,47637.77734375,4,22,22,9,3,3,4,25,23,12,4,4,1533
410000,80752,537838,3.498463185813705e-10,0.0,0.0,0.2444806694984436,0.2704334259033203,4079.0,0.2562103271484375,0.0,0.0,-1.0,7.0,63656.62890625,49028.12109375,5,29,27,6,1,1,5,31,29,7,2,2,2908
410000,5176,537838,1.5842722966841194e-10,0.0,0.0,0.23395568132400513,0.2731623351573944,3799.0,0.20545423030853271,0.0,0.0,-1.0,10.0,187736.953125,183045.359375,2,21,23,7,3,3,3,22,25,7,4,4,2740
410000,85992,537838,2.477367477826675e-10,0.0,0.0,0.25729548931121826,0.2897808253765106,5029.0,0.46702176332473755,0.0,0.0,-1.0,7.0,97525.1484375,95327.421875,6,19,16,3,2,1,11,23,19,3,3,2,3608
410000,85938,537838,2.0569354552968377e-10,0.4382260739803314,0.4696325957775116,0.33318889141082764,0.4121822416782379,3995.0,0.8978033065795898,0.0,0.0,-1.0,11.0,108291.734375,96849.0234375,10,15,17,8,4,24,14,17,18,8,4,25,2673
410000,53447,537838,1.734840604505905e-10,0.0,0.0,0.3508950471878052,0.4041157066822052,3365.0,1.3325833082199097,0.0,0.0,-1.0,4.0,27804.392578125,30303.65625,12,20,18,6,2,3,13,21,18,6,2,4,2332
410000,107092,537838,4.054460656099934e-10,0.6492979526519775,0.6492979526519775,0.3494057357311249,0.3995274305343628,3210.0,0.8687735199928284,0.0,0.0,-1.0,3.0,79420.6484375,80968.3046875,16,27,26,9,0,0,17,31,29,10,1,2,2417
410000,143079,537838,1.8618849517704206e-10,0.0,0.0,0.27730682492256165,0.35423561930656433,4189.0,0.10261154174804688,0.0,0.0,-1.0,4.0,69695.5078125,57573.87890625,5,18,17,2,1,6,5,20,19,2,1,6,2614
410000,56490,537838,0.0,0.0,0.0,0.2086009532213211,0.2836795747280121,3021.0,0.2106006145477295,-0.6798274517059326,2.9360439777374268,2.19801926612854,3.0,214056.21875,225722.03125,12,16,20,9,5,2,15,17,22,11,7,3,2210
410000,111666,537838,1.8535542545272676e-10,0.0,0.0,0.30415335297584534,0.37345170974731445,3725.0,0.2805922031402588,0.33992207050323486,0.7560843229293823,1.1019678115844727,3.0,110714.8828125,98102.1796875,12,26,20,5,1,4,13,29,23,5,1,5,2846
410000,77430,537838,2.462012815840353e-10,0.0,0.0,0.2706570029258728,0.34296438097953796,2140.0,0.32840508222579956,0.03107384219765663,2.882477283477783,4.015139579772949,5.0,94151.8984375,98236.046875,11,17,21,4,2,3,11,18,22,5,3,3,1483
410000,77470,537838,1.8426833670037723e-10,0.0,0.0,0.2599313259124756,0.285669207572937,4779.0,0.23419976234436035,-2.3179256916046143,4.680156230926514,1.3350000381469727,4.0,193100.359375,190450.65625,5,4,36,6,2,0,5,4,38,6,2,0,3334
410000,119464,537838,1.4704169826185165e-10,0.0,0.0,0.44722357392311096,0.5618852376937866,1850.0,0.19859099388122559,0.0,0.0,-1.0,7.0,164059.734375,187191.765625,5,30,29,8,3,2,5,33,31,8,4,3,1297
410000,58028,537838,1.483009132163815e-10,0.0,0.0,0.2771705687046051,0.3916989862918854,3925.0,0.5905041694641113,0.0,0.0,-1.0,8.0,135144.71875,140960.640625,8,26,31,6,2,6,10,30,33,6,2,6,2795
410000,91889,537838,1.6253426382561997e-10,0.0,0.0,0.3559788465499878,0.4276987314224243,3788.0,0.03229855000972748,0.0,0.0,-1.0,5.0,129857.421875,88930.625,4,10,19,10,0,1,5,11,19,10,0,1,2722
410000,92984,537838,1.9563319020310388e-10,0.0,0.0,0.3142203688621521,0.37473252415657043,1706.0,2.795294761657715,0.0,0.0,-1.0,6.0,22725.119140625,31795.70703125,13,14,16,5,1,1,16,16,17,5,1,1,1246
410000,3021,537838,1.4829368288893363e-10,0.0,0.0,0.31775963306427,0.3788710832595825,2884.0,0.3075711727142334,0.0,0.0,-1.0,6.0,71855.109375,67525.5703125,10,21,19,6,1,1,10,24,22,6,1,2,1945
410000,123461,537838,1.7321254153213061e-10,0.0,0.0,0.3280124068260193,0.3680831491947174,5717.0,0.400073766708374,0.0,0.0,-1.0,6.0,134790.109375,126650.484375,6,20,24,4,3,5,6,22,26,4,3,5,3767
410000,29925,537838,1.7164521193269167e-10,0.0,0.0,0.21264152228832245,0.27775007486343384,3049.0,0.07674050331115723,0.0,0.0,-1.0,6.0,61052.25390625,49532.35546875,6,36,17,4,0,1,6,38,19,4,0,1,2230
410000,127166,537838,4.4119242981199847e-11,0.0,0.0,0.3661847710609436,0.44647514820098877,2422.0,2.136596918106079,2.803156852722168,4.926638603210449,11.231826782226562,3.0,0.0,20288.806640625,28,24,21,8,1,0,30,26,22,10,2,1,1456
410000,117504,537838,0.0,0.0,0.0,0.24615608155727386,0.29753321409225464,1971.0,0.5691807270050049,0.09444955736398697,7.804258823394775,9.20199966430664,4.0,48348.08984375,34075.8359375,16,24,17,14,0,3,16,27,20,14,0,3,1409
410000,20104,537838,1.425923962239395e-10,0.0,0.0,0.3297179341316223,0.3861331641674042,3570.0,0.5584481954574585,0.0,0.0,-1.0,5.0,143150.53125,151467.65625,2,26,28,4,0,0,2,26,28,4,0,0,2389
410000,9659,537838,1.6088563814520285e-10,0.0,0.0,0.22949396073818207,0.3262850046157837,2675.0,0.1631927490234375,0.6161434650421143,1.3603157997131348,1.848618507385254,7.0,116873.359375,126301.1328125,8,15,16,4,0,1,8,17,20,4,0,1,1682
410000,51799,537838,1.2398225501808469e-10,0.0,0.0,0.26941972970962524,0.2874639928340912,4069.0,0.08831977844238281,0.0,0.0,-1.0,4.0,105421.296875,116215.4375,1,8,22,4,1,2,1,8,22,4,1,2,3092
410000,63952,537838,2.410729393886868e-10,0.0,0.0,0.2858212888240814,0.32591909170150757,4096.0,0.6360843181610107,0.0,0.0,-1.0,5.0,31956.87890625,29096.0,8,27,18,3,3,2,8,28,19,4,4,3,3000
410000,107397,537838,8.000741182848797e-14,0.0,0.0,0.1931060254573822,0.25043508410453796,2081.0,0.7638562917709351,0.0,0.0,-1.0,3.0,48582.59765625,50642.0,3,14,16,10,6,4,3,14,16,10,6,5,1579
410000,113963,537838,1.7451418088398896e-10,0.0,0.0,0.14988042414188385,0.18229135870933533,2600.0,0.3145536184310913,0.0,0.0,-1.0,3.0,63703.65625,61901.703125,9,22,22,5,0,1,10,26,25,5,0,1,1837
410000,125153,537838,1.7968204701901414e-10,0.0,0.0,0.35021865367889404,0.4033817648887634,4787.0,0.5074521899223328,6.185847282409668,6.281868934631348,7.28000020980835,4.0,75421.203125,47783.234375,8,29,19,13,4,8,8,29,19,13,5,9,3505
410000,43310,537838,2.1511220582581814e-10,0.0,0.0,0.238333597779274,0.333432137966156,2411.0,0.6371643543243408,0.0,0.0,-1.0,8.0,96183.34375,109478.265625,0,21,19,9,0,1,0,23,21,9,0,1,1737
410000,89735,537838,1.7933417251203565e-10,0.0,0.0,0.21346761286258698,0.27581876516342163,3311.0,0.3355415463447571,0.0,0.0,-1.0,4.0,146592.75,146106.734375,7,24,16,12,2,3,8,25,18,12,2,3,2507
410000,90859,537838,1.357439577409636e-10,0.7718020677566528,0.7719643712043762,0.4653807282447815,0.5302032232284546,8744.0,0.26761627197265625,0.0,0.0,-1.0,6.0,176794.3125,183523.234375,9,19,26,5,4,5,11,22,29,7,5,7,6096
410000,27364,537838,6.268980334844798e-10,0.0,0.0,0.34404823184013367,0.4028606712818146,2304.0,0.3709660768508911,0.0,0.0,-1.0,5.0,80488.546875,80796.7890625,10,19,17,6,0,2,11,22,19,6,0,2,1602
410000,29318,537838,4.733702874126777e-10,0.0,0.0,0.3326895534992218,0.3676396906375885,2424.0,0.12079909443855286,0.0,0.0,-1.0,5.0,22624.232421875,35233.9375,17,16,17,11,6,9,18,18,19,11,8,11,1565
410000,115858,537838,1.7876795876947682e-10,0.0,0.0,0.23623545467853546,0.2993801534175873,4796.0,0.3290119171142578,0.0,0.0,-1.0,5.0,57608.12109375,58027.81640625,3,29,42,6,3,1,3,31,44,7,3,2,3647
410000,121389,537838,1.8527782086330546e-10,0.0,0.0,0.27601855993270874,0.3338070213794708,3930.0,0.012078523635864258,0.0,0.0,-1.0,5.0,97179.0,98788.4609375,8,15,16,6,5,5,8,16,17,6,6,6,2955
410000,72261,537838,4.1656406102319465e-10,0.0,0.0,0.2313852608203888,0.2860778868198395,2308.0,0.49768757820129395,0.0,0.0,-1.0,5.0,40818.0078125,47017.734375,1,16,18,3,1,6,1,16,18,4,2,7,1750
410000,57496,537838,0.0,0.0,0.0,0.222709059715271,0.25267159938812256,2893.0,0.4244626760482788,-11.39553165435791,14.861418724060059,-0.3640640676021576,3.0,45342.8359375,52413.0390625,1,28,20,14,4,7,2,29,21,15,6,8,2132
410000,57602,537838,0.0,0.0,0.0,0.15737955272197723,0.22165241837501526,2997.0,0.6088693737983704,0.0,0.0,-1.0,4.0,72673.0859375,79701.984375,1,21,20,5,0,2,1,23,22,5,0,2,2266
410000,46390,537838,8.003247045119954e-14,0.0,0.0,0.3610095977783203,0.40046724677085876,2541.0,0.6055201292037964,0.0,0.0,-1.0,4.0,82621.546875,91954.8671875,13,21,17,8,1,3,15,23,18,8,2,4,1777
410000,46543,537838,0.0,0.0,0.0,0.27375146746635437,0.3325379490852356,3018.0,0.26841670274734497,0.0,0.0,-1.0,8.0,115330.0859375,105243.25,0,21,26,6,1,6,0,23,27,6,1,6,2283
410000,78528,537838,0.0,0.0,0.0,0.3237740993499756,0.3968307077884674,3361.0,0.11889410018920898,0.0,0.0,-1.0,4.0,51882.21875,56209.08203125,3,38,18,3,1,3,5,38,18,3,1,3,2446
410000,4623,537838,1.6445471373582876e-10,0.0,0.0,0.23703894019126892,0.3100906312465668,4393.0,0.06287908554077148,0.0,0.0,-1.0,7.0,96740.0234375,99718.296875,5,25,25,3,3,3,5,25,25,3,3,3,3140
410000,71542,537838,0.0,0.0,0.0,0.2878046929836273,0.3513607382774353,5135.0,0.13568121194839478,2.3757810592651367,4.079025745391846,9.87096881866455,6.0,222387.1875,221877.734375,10,20,21,6,1,1,12,23,23,7,1,1,3712
410000,71612,537838,0.0,0.0,0.0,0.18659384548664093,0.20985695719718933,2666.0,0.3875924348831177,0.0,0.0,-1.0,4.0,55801.5625,33409.12890625,4,26,20,5,1,5,4,26,20,5,2,5,1770
410000,938,537838,1.507811514533941e-10,0.0,0.0,0.21529528498649597,0.2672750949859619,4556.0,0.10680174827575684,5.560274124145508,7.489138603210449,11.836000442504883,5.0,203489.875,207575.8125,12,19,27,3,3,1,13,22,29,3,3,1,3050
410000,1024,537838,1.3524098507744498e-10,0.0,0.0,0.17921948432922363,0.2610032260417938,2662.0,0.13812804222106934,0.0,0.0,-1.0,7.0,163760.46875,162304.5,2,22,26,4,4,3,2,22,26,5,4,3,1915
410000,110477,537838,2.314586994289769e-10,0.0,0.0,0.28440165519714355,0.32636481523513794,1394.0,0.40772199630737305,0.0,0.0,-1.0,4.0,160532.109375,187126.78125,7,12,16,9,3,1,8,14,17,9,3,1,1000
410000,110512,537838,2.4903251683028316e-10,0.0,0.0,0.27735084295272827,0.3078768849372864,3699.0,0.4553089439868927,0.0,0.0,-1.0,7.0,91044.3515625,120154.2578125,8,32,21,6,1,2,8,34,23,6,2,3,2477
410000,110511,537838,2.656565245562348e-10,0.0,0.0,0.18227128684520721,0.21874670684337616,1979.0,0.854206919670105,0.0,0.0,-1.0,5.0,204454.734375,140764.546875,6,19,19,9,2,1,6,24,24,15,3,1,1502
410000,52986,537838,1.3272220822369007e-10,0.0,0.0,0.20842166244983673,0.2645144462585449,2459.0,0.685074508190155,0.0,0.0,-1.0,7.0,0.0,30280.763671875,2,22,19,11,1,2,2,23,20,11,1,2,1850
410000,55517,537838,2.413040045556869e-10,0.0,0.0,0.35803595185279846,0.4193175435066223,3886.0,2.524270534515381,0.0,0.0,-1.0,4.0,56037.1328125,61237.73046875,19,20,27,8,2,2,23,25,31,8,4,4,2977
410000,147492,537838,0.0,0.0,0.0,0.29238441586494446,0.37887731194496155,2324.0,0.11069083213806152,0.0,0.0,-1.0,4.0,58259.0390625,34372.359375,1,10,20,16,3,3,1,11,21,16,3,3,1807
410000,124667,537838,4.654296392736512e-11,0.0,0.0,0.1951046586036682,0.2298223376274109,3104.0,0.03095698356628418,3.8986430168151855,3.9017486572265625,4.054286003112793,6.0,71775.8359375,46899.46484375,4,7,25,8,1,1,5,7,26,8,1,1,2334
410000,82703,537838,7.104679067282405e-10,0.7408748269081116,0.7408748269081116,0.2970111668109894,0.33064112067222595,2727.0,0.4067106246948242,2.2014591693878174,3.0018632411956787,6.250999927520752,5.0,167723.171875,195337.546875,20,17,16,5,2,1,23,21,21,6,3,1,1820
410000,53694,537838,1.6132556401871057e-10,0.0,0.0,0.2585631310939789,0.28084734082221985,2276.0,0.9414963722229004,0.0,0.0,-1.0,3.0,19740.1171875,25281.263671875,0,9,17,8,1,0,1,10,17,8,1,0,1680
410000,87193,537838,6.732135248571636e-12,0.0,0.0,0.2408623993396759,0.28073540329933167,3689.0,0.41023921966552734,0.0,0.0,-1.0,7.0,71012.9296875,100848.859375,1,23,39,12,1,2,1,24,40,16,3,4,2672
410000,81012,537838,1.8664733647533183e-10,0.0,0.0,0.31097155809402466,0.37211504578590393,3148.0,0.02534174919128418,0.0,0.0,-1.0,3.0,85910.4921875,73707.5390625,9,26,24,3,0,0,9,26,24,3,0,0,2233
410000,26572,537838,2.0010224033306656e-10,0.0,0.0,0.24524478614330292,0.29441946744918823,4033.0,2.6705098152160645,0.0,0.0,-1.0,4.0,55366.03515625,20092.5546875,2,25,28,4,0,2,2,25,28,4,0,2,3151
410000,128437,537838,1.9669159356805466e-10,0.0,0.0,0.27618318796157837,0.3657967150211334,1722.0,0.34456443786621094,0.0,0.0,-1.0,3.0,66894.890625,60223.63671875,0,23,18,10,4,1,0,23,18,10,4,1,1246
410000,85105,537838,1.8190068895584943e-10,0.0,0.0,0.20551946759223938,0.2758580446243286,4599.0,0.14429843425750732,0.0,0.0,-1.0,4.0,189774.03125,178929.96875,7,21,23,8,3,3,9,23,24,8,4,3,3488
410000,85205,537838,1.9996845845859923e-10,0.0,0.0,0.252823144197464,0.33393916487693787,2736.0,0.1838589310646057,-0.4529433250427246,5.380927085876465,11.07699966430664,5.0,77159.15625,75483.7890625,5,21,18,7,0,1,5,21,19,7,0,1,1921
410000,75221,537838,1.838157820399644e-10,0.0,0.0,0.2485588937997818,0.27923381328582764,3459.0,0.11762785911560059,0.0,0.0,-1.0,5.0,100859.6796875,97311.609375,2,19,17,2,0,2,2,22,20,2,0,2,2582
410000,121748,537838,1.651139919234268e-10,0.0,0.0,0.23222044110298157,0.31372910737991333,2426.0,0.2755972146987915,0.0,0.0,-1.0,4.0,74770.140625,83039.9765625,8,25,20,6,1,1,8,25,20,7,2,2,1838
410000,97012,537838,4.0061479134045896e-10,0.0,0.0,0.25774627923965454,0.34787946939468384,3374.0,0.593032717704773,0.0,0.0,-1.0,5.0,45839.90234375,38634.92578125,22,38,21,12,5,9,23,40,22,12,5,11,2393
410000,97111,537838,4.839239425846742e-11,0.0,0.0,0.3091285228729248,0.35605981945991516,3167.0,0.5793112516403198,0.0,0.0,-1.0,3.0,55127.98046875,35074.94921875,13,20,27,7,4,6,15,21,32,8,5,7,1995
410000,96228,537838,0.0,0.0,0.0,0.47447866201400757,0.5632277131080627,5393.0,0.13850295543670654,0.0,0.0,-1.0,4.0,304422.90625,311899.0625,7,26,25,11,1,3,13,30,29,11,2,4,3810
410000,96264,537838,0.0,0.9368926882743835,0.9368926882743835,0.3409576714038849,0.3812576234340668,3492.0,1.1682608127593994,0.0,0.0,-1.0,9.0,83544.671875,74756.9453125,3,25,17,9,2,2,4,26,18,10,4,5,2488
410000,75315,537838,1.988348513615179e-10,0.0,0.0,0.26395341753959656,0.3092420995235443,4069.0,0.5025367736816406,0.0,0.0,-1.0,4.0,123040.7265625,118058.2109375,8,29,17,5,1,0,9,31,20,5,1,0,2894
410000,91188,537838,2.0582674453706318e-10,0.0,0.0,0.25920605659484863,0.3009658455848694,2619.0,1.1992141008377075,0.0,0.0,-1.0,3.0,68080.5859375,66017.609375,11,22,17,6,2,2,12,22,18,6,3,3,1829
410000,45851,537838,3.9002395757492536e-10,0.0,0.0,0.24104078114032745,0.31671422719955444,2785.0,1.3196744918823242,0.3268085718154907,4.276314735412598,4.5906171798706055,5.0,130927.328125,58020.8671875,6,9,26,14,4,2,7,9,26,18,4,2,1936
410000,45873,537838,2.3815380223446425e-10,0.0,0.0,0.1904980093240738,0.2431207001209259,2415.0,0.5857172012329102,0.0,0.0,-1.0,6.0,158091.09375,131855.421875,3,9,23,5,5,7,5,11,24,6,6,7,1674
410000,23185,537838,1.6363845001254873e-10,0.0,0.0,0.28603044152259827,0.36397409439086914,2223.0,2.3761231899261475,0.0,0.0,-1.0,4.0,39172.5,38382.49609375,5,18,19,9,2,2,10,19,23,10,2,2,1617
410000,30602,537838,1.7349484349171718e-10,0.0,0.0,0.21525545418262482,0.28877100348472595,4026.0,0.13681885600090027,-9.99899959564209,9.99899959564209,-9.99899959564209,4.0,118767.640625,95315.8984375,5,21,23,5,3,3,5,23,26,6,5,6,3010
410000,24862,537838,2.2840299096493766e-10,0.0,0.0,0.2147088646888733,0.23295308649539948,4175.0,0.546697735786438,0.0,0.0,-1.0,7.0,47577.71484375,46010.4375,3,20,26,4,0,0,4,21,28,4,0,0,2790
410000,29539,537838,5.620262068239956e-12,0.0,0.0,0.20842298865318298,0.26755911111831665,1980.0,0.5563861131668091,0.0,0.0,-1.0,8.0,85732.9140625,82817.609375,5,19,18,10,7,10,5,19,18,10,7,10,1622
410000,41421,537838,0.0,0.0,0.0,0.26241281628608704,0.3287356197834015,2229.0,0.6400939226150513,0.0,0.0,-1.0,6.0,22596.86328125,24053.08984375,5,25,25,11,1,1,5,26,26,11,2,2,1698
410000,41379,537838,0.0,0.9626898765563965,0.9626898765563965,0.24505114555358887,0.29253312945365906,2961.0,0.03492701053619385,0.0,0.0,-1.0,9.0,56804.46875,62598.2265625,9,13,17,7,5,7,11,18,19,7,5,7,2164
410000,98121,537838,1.9895556035987028e-10,0.0,0.0,0.20118184387683868,0.2414473295211792,3520.0,0.2930929660797119,0.0,0.0,-1.0,8.0,80592.328125,91650.3359375,1,30,16,3,0,1,1,34,20,3,0,1,2641
410000,78571,537838,8.521257836716437e-14,0.0,0.0,0.2014167755842209,0.294766366481781,2120.0,0.9548566341400146,0.0,0.0,-1.0,10.0,79069.4921875,54562.125,2,23,18,6,1,5,8,26,19,6,1,5,1522
410000,105980,537838,2.346237371053661e-10,0.0,0.0,0.2440991997718811,0.3062450885772705,2361.0,0.3170228898525238,0.0,0.0,-1.0,7.0,106381.1953125,102163.484375,7,19,21,7,2,3,11,22,23,7,3,5,1710
410000,124250,537838,5.885060234273043e-12,0.0,0.0,0.26650819182395935,0.28095752000808716,3350.0,0.23255693912506104,0.0,0.0,-1.0,6.0,51332.11328125,48077.265625,11,6,24,5,1,4,14,7,27,5,1,4,2446
410000,7111,537838,1.586725750790663e-10,0.0,0.0,0.31117480993270874,0.3493044078350067,2688.0,0.3454008102416992,0.0,0.0,-1.0,4.0,111277.2421875,121376.8828125,3,9,20,5,0,1,3,10,21,5,0,1,1716
410000,55714,537838,1.7235805838122786e-10,0.0,0.0,0.24211744964122772,0.2612263262271881,2228.0,0.6105527877807617,0.0,0.0,-1.0,5.0,42189.3671875,71195.625,2,10,19,5,2,4,2,14,24,5,2,4,1729
410000,147754,537838,0.0,0.9104196429252625,0.9104196429252625,0.2665974497795105,0.36000826954841614,3926.0,0.023107409477233887,0.0,0.0,-1.0,5.0,421941.375,450562.25,14,37,27,16,1,3,16,46,37,17,2,4,3030
410000,128521,537838,1.4764196809569086e-10,0.0,0.0,0.32297953963279724,0.4232375919818878,5689.0,0.6654597520828247,0.0,0.0,-1.0,6.0,83611.9453125,114950.5546875,8,18,25,5,6,6,9,18,26,5,7,8,3467
410000,113457,537838,1.6160366100859136e-10,0.0,0.0,0.2901020050048828,0.3398806154727936,4303.0,0.7085312008857727,0.0,0.0,-1.0,4.0,42692.375,44181.9609375,5,26,18,2,4,2,5,27,20,3,5,2,3100
410000,93868,537838,1.314526543172434e-10,0.0,0.0,0.3057563900947571,0.4417625665664673,3043.0,0.5873866677284241,0.0,0.0,-1.0,6.0,179553.765625,174300.90625,1,18,26,5,1,3,1,22,31,5,1,4,2239
410000,21954,537838,3.865960329640927e-11,0.8590437769889832,0.8590437769889832,0.3133973777294159,0.3334859311580658,8701.0,0.15323948860168457,0.0,0.0,-1.0,3.0,441919.0,441610.6875,13,28,26,3,3,1,14,29,27,4,5,3,6088
410000,84445,537838,4.256324459550598e-11,0.0,0.0,0.26368728280067444,0.32240042090415955,5897.0,0.08323663473129272,3.1323776245117188,3.1323776245117188,3.1323776245117188,3.0,69339.859375,89788.21875,19,34,20,11,5,5,20,34,21,12,6,6,4228
410000,73495,537838,1.810036148741645e-10,0.0,0.0,0.2573736906051636,0.3044414222240448,4408.0,0.30320560932159424,0.0,0.0,-1.0,4.0,134174.078125,126533.59375,0,28,23,6,2,1,0,28,23,6,3,3,3206
410000,114476,537838,5.377025213970654e-12,0.0,0.0,0.2617568373680115,0.28614720702171326,4841.0,0.26901698112487793,0.0,0.0,-1.0,4.0,104046.171875,128338.9296875,5,15,21,4,6,6,5,18,23,5,6,6,2913
410000,114498,537838,6.022069561767429e-12,0.0,0.0,0.2705257534980774,0.34339892864227295,2591.0,1.3732742071151733,-0.19663143157958984,1.2822643518447876,1.2380000352859497,9.0,70802.671875,27844.857421875,12,23,16,8,3,1,16,29,21,9,3,1,1909
410000,27198,537838,6.703331223434361e-10,0.0,0.0,0.4593562185764313,0.571010172367096,2498.0,2.0538926124572754,0.0,0.0,-1.0,3.0,21648.529296875,27554.21875,4,12,21,14,3,4,4,13,24,14,3,4,1842
410000,50029,537838,1.6668881552828196e-10,0.0,0.0,0.20860546827316284,0.2511150538921356,2407.0,0.2528386116027832,-9.146025657653809,14.950732231140137,2.6808342933654785,4.0,149008.828125,131619.828125,0,17,27,16,1,3,1,19,29,16,1,3,1749
410000,121996,537838,1.4224632582937602e-10,0.0,0.0,0.20618313550949097,0.26000940799713135,3107.0,0.1399909257888794,0.0,0.0,-1.0,4.0,86681.359375,85673.1328125,7,14,18,5,0,2,9,16,19,5,1,3,2182
410000,136754,537838,0.0,0.0,0.0,0.23072616755962372,0.28694215416908264,4151.0,0.33434152603149414,-3.528935194015503,5.326159477233887,3.2843058109283447,10.0,65160.48828125,70353.53125,9,21,19,14,4,3,9,24,22,14,7,6,3137
410000,136748,537838,0.0,0.6438639163970947,0.6438678503036499,0.20059531927108765,0.2746477723121643,2152.0,0.4800229072570801,0.6438567638397217,11.064199447631836,11.20362377166748,6.0,119490.3828125,108748.96875,3,36,27,10,2,3,4,38,29,11,3,5,1491
410000,147837,537838,0.0,0.8131676316261292,0.8132035136222839,0.294958233833313,0.3197323977947235,2427.0,1.04983651638031,0.5704439878463745,5.619566917419434,7.156000137329102,8.0,70563.96875,70025.0546875,10,20,16,17,2,3,12,24,19,20,3,4,1671
410000,75508,537838,1.533938531750323e-10,0.0,0.0,0.25146815180778503,0.29235780239105225,3066.0,0.025920748710632324,0.0,0.0,-1.0,3.0,100385.703125,95021.8359375,4,18,19,3,1,0,4,18,19,3,1,0,2282
410000,62556,537838,4.063940752929013e-14,1.0374215841293335,1.0374215841293335,0.35591888427734375,0.4602770209312439,3539.0,0.4310269355773926,0.0,0.0,-1.0,4.0,276072.71875,278218.09375,5,22,25,11,1,8,5,24,27,11,2,10,2161
410000,64288,537838,8.437965360067953e-14,0.0,0.0,0.2890452742576599,0.35998857021331787,3448.0,0.17350944876670837,0.0,0.0,-1.0,4.0,91304.0625,96467.8515625,4,28,27,15,1,0,4,31,30,15,1,0,2544
410000,97495,537838,0.0,0.8575295805931091,0.8575295209884644,0.39453229308128357,0.476812481880188,2599.0,1.417229413986206,5.10911226272583,5.10911226272583,5.10911226272583,3.0,41885.56640625,58823.80859375,7,13,17,9,1,0,7,14,18,9,1,1,1993
410000,97383,537838,0.0,0.0,0.0,0.3711215555667877,0.44723039865493774,7179.0,0.04536724090576172,0.0,0.0,-1.0,3.0,383403.59375,383402.9375,14,9,39,6,4,9,14,10,40,6,5,11,4596
410000,54822,537838,6.096420243628664e-12,0.0,0.0,0.21388855576515198,0.2560732066631317,3966.0,0.24262452125549316,0.0,0.0,-1.0,3.0,131781.890625,138380.90625,14,24,16,10,0,4,15,26,19,10,3,5,2660
410000,90543,537838,2.1411393491543862e-10,0.0,0.0,0.27724143862724304,0.3262198865413666,3484.0,0.1382310390472412,0.0,0.0,-1.0,6.0,182489.1875,133537.0625,10,10,16,15,1,6,10,11,17,15,1,6,2484
410000,31903,537838,1.6754003739904988e-10,0.0,0.0,0.22660137712955475,0.27856191992759705,2554.0,0.8723186254501343,0.0,0.0,-1.0,10.0,75402.84375,70235.8125,5,21,20,3,0,1,7,23,21,3,0,1,1878
410000,84542,537838,5.613379119168149e-12,0.0,0.0,0.26123154163360596,0.33729398250579834,2685.0,0.011680960655212402,0.0,0.0,-1.0,3.0,75859.09375,76777.8203125,10,21,21,9,0,1,10,24,24,9,0,1,2015
410000,132311,537838,7.073012175951021e-10,0.0,0.0,0.1851986199617386,0.23724527657032013,2351.0,1.676422119140625,0.0,0.0,-1.0,3.0,30157.099609375,26605.9296875,1,18,19,9,1,4,1,19,20,11,1,4,1763
410000,59106,537838,1.7158695297947446e-10,0.0,0.0,0.28651365637779236,0.33219051361083984,2017.0,0.40732884407043457,0.0,0.0,-1.0,5.0,26503.49609375,27510.611328125,7,15,17,8,2,2,7,16,18,8,2,2,1486
410000,143773,537838,1.6774079347747772e-10,1.0342215299606323,1.0348994731903076,0.24845975637435913,0.2891065180301666,3063.0,1.047287940979004,0.0,0.0,-1.0,7.0,31853.630859375,23427.171875,11,20,17,5,1,1,13,22,20,5,1,1,2241
410000,143778,537838,1.3479571625563125e-10,0.0,0.0,0.15048573911190033,0.20853769779205322,1920.0,0.2713754177093506,-2.10550594329834,6.375264644622803,9.28499984741211,6.0,192676.015625,195859.953125,3,17,18,5,2,2,3,20,21,5,3,3,1385
410000,79029,537838,5.529466884368617e-10,0.0,0.0,0.36330097913742065,0.4770810306072235,3498.0,0.011658668518066406,0.0,0.0,-1.0,4.0,132948.265625,134710.203125,2,15,18,10,0,2,2,15,18,10,0,2,2462
410000,4245,537838,1.6949380787778523e-10,0.0,0.0,0.2530531585216522,0.29026806354522705,1556.0,0.06217694282531738,0.0,0.0,-1.0,3.0,38525.0703125,40889.453125,8,14,19,6,0,2,10,16,21,6,0,2,1101
410000,39662,537838,1.9252596739072203e-10,0.0,0.0,0.2630634009838104,0.30455413460731506,2760.0,0.2513083219528198,0.0,0.0,-1.0,7.0,22631.689453125,20093.525390625,8,22,17,3,0,1,8,23,18,3,0,1,2041
410000,40961,537838,2.0164496461472226e-10,0.0,0.0,0.24557465314865112,0.29866737127304077,2419.0,0.39564329385757446,0.0,0.0,-1.0,4.0,82799.7265625,83374.65625,13,17,18,3,0,2,13,17,18,4,1,3,1622
410000,43164,537838,2.1627792612388674e-10,0.0,0.0,0.2908184826374054,0.3078918159008026,3436.0,1.050161361694336,0.0,0.0,-1.0,8.0,130232.390625,120848.9921875,0,4,16,5,2,3,0,5,17,5,2,3,2506
410000,33117,537838,1.7812297470332084e-10,0.0,0.0,0.25128430128097534,0.31582358479499817,2049.0,0.2986104488372803,0.0,0.0,-1.0,3.0,67971.9765625,71931.2421875,5,15,33,9,1,2,5,15,33,9,1,2,1537
410000,33204,537838,1.4395376557452266e-10,0.0,0.0,0.20673517882823944,0.26672863960266113,3007.0,0.19614481925964355,0.0,0.0,-1.0,3.0,105332.8515625,142725.078125,3,18,25,3,1,3,3,19,26,3,1,3,2315
410000,66362,537838,6.278114694779902e-10,0.0,0.0,0.17191772162914276,0.19548949599266052,2644.0,0.30129265785217285,0.0,0.0,-1.0,7.0,84603.03125,80108.4609375,1,26,21,13,7,5,1,29,24,13,8,7,1756
410000,107006,537838,6.11410200246354e-10,0.0,0.0,0.18653060495853424,0.2147979885339737,2498.0,0.060328006744384766,0.0,0.0,-1.0,3.0,96967.8515625,98391.546875,4,18,18,7,0,0,4,20,23,7,0,0,1599
410000,108057,537838,2.4652527241819655e-10,0.0,0.0,0.18975067138671875,0.24305479228496552,2114.0,1.712624192237854,1.1741479635238647,1.1741479635238647,1.1741479635238647,5.0,43375.67578125,33533.890625,11,18,17,1,1,2,13,21,22,1,1,3,1577
410000,52249,537838,4.200605141502223e-10,0.0,0.0,0.3299225866794586,0.3709871768951416,3229.0,0.19949114322662354,-3.3834896087646484,5.280654430389404,2.4086434841156006,3.0,110635.5859375,93144.71875,2,7,19,7,0,1,2,8,20,7,0,1,2316
410000,146309,537838,5.598872195944696e-14,0.0,0.0,0.24088166654109955,0.34967947006225586,2655.0,0.6703047752380371,0.0,0.0,-1.0,5.0,93072.5625,130245.546875,9,19,26,8,1,0,11,20,27,9,2,1,1853
410000,35316,537838,2.8620092407116715e-10,0.0,0.0,0.29220956563949585,0.3849477171897888,4180.0,0.36644482612609863,7.786591053009033,11.325881958007812,15.71671199798584,7.0,101203.796875,103923.1640625,4,9,19,9,4,8,7,12,22,10,6,10,3009
410000,67836,537838,1.5599777025698813e-10,0.0,0.0,0.22190189361572266,0.2568310797214508,2469.0,0.48089665174484253,0.0,0.0,-1.0,5.0,158158.203125,130636.7890625,7,8,24,10,4,17,9,10,25,13,7,18,1726
410000,59376,537838,1.5557355403927886e-10,0.0,0.0,0.13529840111732483,0.180141419172287,3447.0,0.20274370908737183,0.0,0.0,-1.0,4.0,186293.671875,193583.96875,1,16,19,6,1,6,1,20,22,6,1,6,2687
410000,49567,537838,2.343639171620282e-10,0.0,0.0,0.17092211544513702,0.2699890732765198,2614.0,0.03333723545074463,0.0,0.0,-1.0,6.0,165622.046875,123058.5703125,9,25,17,8,0,2,9,26,20,8,0,2,1858
410000,120040,537838,1.990740350343856e-10,0.0,0.0,0.2946813404560089,0.35023537278175354,4707.0,0.2436732053756714,0.0,0.0,-1.0,3.0,120970.5078125,134508.9375,7,11,18,8,2,1,9,13,19,8,2,2,3479
410000,33530,537838,1.5541087861059566e-10,0.0,0.0,0.27263012528419495,0.3259773552417755,3524.0,0.5323004722595215,0.2258327752351761,3.358501434326172,5.8460001945495605,9.0,69521.25,73760.0546875,1,20,18,8,3,3,1,22,20,8,3,4,2704
410000,33543,537838,8.138523188705449e-11,0.0,0.0,0.3066151440143585,0.3758200705051422,4871.0,0.03868384659290314,0.0,0.0,-1.0,11.0,247858.59375,225747.828125,12,24,29,8,0,2,17,28,33,10,0,2,3669
410000,33701,537838,1.5923226626135545e-10,0.0,0.0,0.2431657612323761,0.28213581442832947,2154.0,0.7061957120895386,0.0,0.0,-1.0,5.0,35126.85546875,37633.41796875,6,17,18,8,2,3,6,17,18,9,3,3,1434
410000,33795,537838,1.5095850958157797e-10,0.0,0.0,0.3005122244358063,0.3611598312854767,1959.0,2.6544361114501953,0.0,0.0,-1.0,7.0,19276.142578125,52137.19140625,2,13,18,5,1,0,2,13,18,6,2,2,1461
410000,68878,537838,1.6619892961866611e-10,0.0,0.0,0.20287549495697021,0.26569855213165283,3165.0,0.00490725040435791,0.0,0.0,-1.0,4.0,74089.1484375,69496.6015625,21,14,16,9,1,0,21,17,17,10,1,0,2167
410000,62809,537838,5.700026822069715e-12,0.0,0.0,0.30000486969947815,0.42429372668266296,2348.0,0.11849173903465271,0.0,0.0,-1.0,3.0,92634.3515625,88284.046875,3,18,19,10,3,3,3,21,22,13,4,3,1828
410000,32098,537838,6.209451841598934e-10,0.0,0.0,0.222769096493721,0.256296306848526,3301.0,0.02382206916809082,0.0,0.0,-1.0,6.0,54110.21875,63972.046875,7,21,24,11,2,2,8,21,24,11,4,5,2435
410000,34104,537838,5.029825445035385e-10,0.0,0.0,0.2986544370651245,0.3764372169971466,3288.0,1.8811503648757935,0.0,0.0,-1.0,3.0,44006.375,21771.42578125,5,33,21,9,2,3,6,33,22,9,2,5,2500
410000,96373,537838,0.0,0.0,0.0,0.2578524947166443,0.320626825094223,3392.0,0.015019476413726807,0.7450151443481445,0.7930573225021362,1.0168466567993164,4.0,109873.546875,114711.53125,18,25,24,15,4,10,18,26,25,15,5,11,2411
410000,88610,537838,1.8284290748127319e-10,0.0,0.0,0.2700676918029785,0.2876191735267639,2913.0,0.11938655376434326,0.0,0.0,-1.0,3.0,99245.140625,99432.796875,2,8,25,6,1,1,3,10,28,7,2,1,2182
410000,67591,537838,9.445381976558309e-11,0.0,0.0,0.4354954659938812,0.4792127311229706,5722.0,0.4587433338165283,0.0,0.0,-1.0,5.0,233072.6875,222780.96875,5,22,25,6,3,2,6,23,26,6,3,2,4143
410000,73378,537838,1.8289422754058648e-10,0.0,0.0,0.2240816056728363,0.28050851821899414,2878.0,0.6427288055419922,0.0,0.0,-1.0,5.0,64931.79296875,48701.41015625,6,27,27,13,0,3,7,30,31,13,0,3,2131
410000,69048,537838,1.9803440831633878e-10,0.0,0.0,0.343415230512619,0.4338025748729706,3616.0,0.2514144778251648,0.0,0.0,-1.0,5.0,30871.462890625,51258.4765625,3,9,16,8,4,3,3,9,16,8,4,3,2183
410000,137103,537838,4.3409267846961086e-10,0.0,0.0,0.23989515006542206,0.29345542192459106,2382.0,0.35265207290649414,0.0,0.0,-1.0,4.0,99637.75,114583.921875,1,19,18,12,3,3,1,20,19,12,3,3,1816
410000,137138,537838,3.32505759037538e-11,0.8419497013092041,0.8419497013092041,0.33391833305358887,0.46521320939064026,3132.0,0.3141322135925293,0.0,0.0,-1.0,4.0,153131.28125,139279.5,10,10,17,22,2,2,12,11,19,22,2,3,2240
410000,60648,537838,1.9509308057941155e-10,0.0,0.0,0.35687029361724854,0.37997496128082275,2240.0,2.9105870723724365,3.9032490253448486,4.834402561187744,8.074000358581543,5.0,24069.62109375,33011.7421875,6,20,18,6,0,2,6,23,20,6,0,2,1363
410000,60781,537838,2.5435276107543814e-10,0.0,0.0,0.2326887547969818,0.28637421131134033,2842.0,2.970102071762085,0.0,0.0,-1.0,10.0,63527.015625,37423.48046875,8,19,16,7,2,3,8,20,17,8,4,6,2035
410000,39090,537838,1.6588712348220014e-10,0.0,0.0,0.2862749397754669,0.38413146138191223,3191.0,0.017881393432617188,0.0,0.0,-1.0,3.0,64667.4296875,59423.2578125,13,24,17,5,2,3,13,25,18,5,3,4,2281
410000,145448,537838,1.902880908399851e-10,0.0,0.0,0.14778369665145874,0.26492390036582947,3535.0,0.033847466111183167,0.0,0.0,-1.0,15.0,193219.390625,198562.15625,2,8,20,4,4,4,3,8,20,4,4,4,2557
410000,65640,537838,0.0,0.0,0.0,0.29815739393234253,0.34383371472358704,5779.0,0.018491387367248535,0.0,0.0,-1.0,4.0,66554.65625,100340.0546875,16,11,22,5,2,1,18,12,24,5,2,1,3881
410000,118524,537838,1.5323700641722837e-10,0.0,0.0,0.24174389243125916,0.3113362193107605,3050.0,0.08355259895324707,0.0,0.0,-1.0,3.0,124748.9921875,117771.9296875,11,13,20,8,0,2,12,13,21,8,0,2,2271
410000,118548,537838,1.6253193235726826e-10,0.0,0.0,0.28264936804771423,0.3164069652557373,5046.0,0.13685935735702515,0.0,0.0,-1.0,4.0,39606.91796875,47371.9609375,2,26,23,8,4,2,2,28,25,8,4,2,3678
410000,132422,537838,6.863234980336586e-10,0.0,0.0,0.26988381147384644,0.2854711711406708,3183.0,0.346205472946167,0.0,0.0,-1.0,5.0,67128.59375,50321.4609375,2,12,27,16,1,3,4,12,27,16,1,3,2220
410000,145401,537838,2.5147509075118535e-10,0.0,0.0,0.3239049017429352,0.39482876658439636,2395.0,0.3893479108810425,-0.13119171559810638,0.13119171559810638,-0.13119171559810638,6.0,60957.74609375,55474.734375,13,22,25,7,3,5,14,24,28,8,4,6,1621
410000,22490,537838,1.5733198077683141e-10,0.876721203327179,0.876721203327179,0.27091971039772034,0.3092661499977112,2718.0,0.3414917588233948,0.0,0.0,-1.0,4.0,86230.3203125,87674.0625,17,27,22,11,1,1,20,30,26,11,1,1,2065
410000,148978,537838,1.7565933430052638e-10,1.0137044191360474,1.0137044191360474,0.25357937812805176,0.35396808385849,2655.0,0.6195975542068481,0.0,0.0,-1.0,3.0,32434.291015625,33314.2265625,0,21,16,4,0,2,1,24,19,4,0,2,1806
410000,149031,537838,1.3361833861580408e-10,0.0,0.0,0.23799632489681244,0.27921387553215027,3275.0,0.08351898193359375,0.0,0.0,-1.0,3.0,78436.078125,71412.46875,7,28,25,5,0,0,7,28,25,5,1,1,2514
410000,64784,537838,0.0,0.0,0.0,0.3691710829734802,0.415115624666214,6360.0,0.0032956600189208984,-1.6732276678085327,6.4932026863098145,4.691863059997559,3.0,335707.5,349084.15625,6,7,22,5,4,4,6,8,23,5,4,4,4430
410000,102098,537838,6.463282686830496e-10,0.986445963382721,0.986445963382721,0.2721351385116577,0.30505943298339844,3567.0,0.885223925113678,0.0,0.0,-1.0,5.0,66950.640625,72706.1015625,10,31,19,11,1,2,13,33,21,11,2,3,2734
410000,129194,537838,1.336231958415368e-10,0.0,0.0,0.2717636823654175,0.3204476535320282,5167.0,0.266879677772522,-0.7481417655944824,0.7481417655944824,-0.7481417655944824,3.0,169068.875,156452.65625,9,8,22,8,2,2,11,9,23,15,2,2,3563
410000,80213,537838,2.31313260212751e-10,0.0,0.0,0.35178592801094055,0.4190775752067566,4170.0,0.5999122858047485,0.47881802916526794,3.3159310817718506,4.934999942779541,4.0,84286.109375,92459.796875,12,31,17,10,4,3,12,35,20,10,5,5,2994
410000,61753,537838,2.0311938242478789e-10,0.0,0.0,0.18773093819618225,0.22106626629829407,3457.0,0.5480594038963318,0.0,0.0,-1.0,6.0,108688.40625,122337.890625,7,19,22,1,2,2,7,19,22,1,2,2,2339
410000,144970,537838,1.7271493957249362e-10,0.0,0.0,0.2800939679145813,0.36289897561073303,3175.0,0.005846977233886719,0.0,0.0,-1.0,8.0,69814.421875,90535.609375,1,24,16,5,3,5,1,26,18,5,4,6,2439
410000,24505,537838,2.0038723458348784e-10,0.0,0.0,0.3346822261810303,0.43130525946617126,2101.0,0.09938919544219971,0.0,0.0,-1.0,3.0,63952.39453125,72602.0078125,6,17,17,3,0,0,9,17,20,3,0,0,1522
410000,120502,537838,3.1033400849089787e-10,0.0,0.0,0.23335032165050507,0.251810222864151,3660.0,0.3314380645751953,0.0,0.0,-1.0,6.0,39925.2421875,52293.4453125,10,24,16,5,2,2,11,25,18,5,2,2,2384
410000,122382,537838,4.5671214032871887e-10,0.0,0.0,0.37283259630203247,0.4692205786705017,2881.0,0.24313855171203613,0.0,0.0,-1.0,4.0,256728.21875,232106.84375,4,25,39,7,2,6,4,25,39,7,2,6,1843
410000,102527,537838,6.288828902079047e-10,0.0,0.0,0.19673405587673187,0.2284524291753769,2174.0,1.0048649311065674,-3.1744272708892822,5.866443157196045,0.6015276908874512,14.0,81868.7890625,83790.984375,8,27,31,6,1,1,10,30,37,7,2,2,1686
410000,62999,537838,1.6471185526611976e-10,0.0,0.0,0.2667282223701477,0.3179372251033783,3275.0,0.3516569137573242,0.0,0.0,-1.0,3.0,130659.046875,144812.75,10,28,22,8,0,2,11,30,23,8,0,2,2412
410000,42042,537838,5.085188936604368e-10,0.0,0.0,0.3290771543979645,0.3693276047706604,3809.0,0.9545282125473022,-9.788999557495117,9.788999557495117,-9.788999557495117,3.0,59264.59375,48241.29296875,1,21,16,10,2,2,1,22,17,10,2,2,3016
410000,146474,537838,0.0,0.0,0.0,0.32261401414871216,0.4094732999801636,2119.0,0.476479172706604,0.0,0.0,-1.0,9.0,45784.33984375,34163.46875,12,7,26,4,7,19,16,11,32,4,9,20,1389
410000,134515,537838,6.9574311589715165e-12,0.0,0.0,0.2932421863079071,0.3395894765853882,1989.0,1.3531430959701538,1.758446216583252,5.07750940322876,11.076000213623047,7.0,47017.046875,51830.58984375,0,13,17,5,5,4,0,14,18,5,6,4,1423
410000,130598,537838,5.845377654134509e-11,0.0,0.0,0.2863176763057709,0.3713248372077942,5810.0,0.15931367874145508,0.0,0.0,-1.0,3.0,472861.0625,468034.71875,2,22,20,9,5,5,2,22,20,9,7,7,3789
410000,76062,537838,3.538878079467622e-10,0.0,0.0,0.2827686369419098,0.32679349184036255,5650.0,0.0160367488861084,0.0,0.0,-1.0,5.0,214962.140625,190329.96875,10,19,23,11,3,7,10,19,23,11,3,7,4132
410000,76058,537838,5.195358587783971e-10,0.0,0.0,0.2810976803302765,0.3461296558380127,2675.0,0.46949315071105957,0.0,0.0,-1.0,7.0,45464.78125,64030.0703125,10,16,18,13,2,3,19,23,22,13,2,3,1955
410000,35747,537838,1.6851105233417485e-10,0.0,0.0,0.31319862604141235,0.3489750027656555,2476.0,0.37942230701446533,0.0,0.0,-1.0,4.0,81514.4375,79489.328125,1,14,30,1,0,3,1,15,31,1,0,3,1847
410000,35717,537838,1.2360083789797471e-10,0.0,0.0,0.20373772084712982,0.31809094548225403,2495.0,0.0322418212890625,0.0,0.0,-1.0,4.0,207229.46875,220128.609375,1,17,20,10,3,3,1,19,22,10,3,3,1791
410000,108690,537838,2.4793056496719146e-10,0.0,0.0,0.24535146355628967,0.30410799384117126,3532.0,0.7053477764129639,0.0,0.0,-1.0,3.0,97912.53125,104149.515625,36,18,19,11,0,5,36,19,20,11,1,6,2373
410000,78108,537838,0.0,0.0,0.0,0.24330921471118927,0.2828754484653473,3170.0,0.8656917214393616,0.0,0.0,-1.0,6.0,75810.640625,76093.1796875,11,25,20,4,1,2,13,28,23,4,1,2,2391
410000,131835,537838,1.422834211561863e-10,0.2732398211956024,0.28207728266716003,0.2983325719833374,0.39763975143432617,2881.0,0.48474669456481934,0.0,0.0,-1.0,10.0,144814.65625,123219.8046875,6,31,20,5,5,3,6,33,23,7,5,3,2056
410000,69466,537838,1.5711443257515612e-10,0.0,0.0,0.25479772686958313,0.3204086720943451,2351.0,0.23117280006408691,0.0,0.0,-1.0,5.0,103022.96875,84115.9453125,13,12,16,6,6,1,17,17,18,8,7,2,1560
410000,92588,537838,7.093181042527874e-10,1.1388492584228516,1.1388492584228516,0.23437227308750153,0.34103500843048096,2917.0,0.601172924041748,0.0,0.0,-1.0,6.0,98288.140625,105823.1796875,9,24,18,3,2,3,9,24,18,3,2,3,2288
410000,130833,537838,2.468771576058515e-10,0.0,0.0,0.2603646218776703,0.30201590061187744,3456.0,0.026489973068237305,0.0,0.0,-1.0,3.0,66431.859375,68946.0078125,2,33,20,10,6,2,3,34,22,10,7,4,2284
410000,130839,537838,1.7746398794926677e-10,0.0,0.0,0.22472979128360748,0.30800575017929077,2997.0,0.17244593799114227,0.0,0.0,-1.0,12.0,231693.265625,225345.171875,3,20,25,9,1,2,6,22,29,9,1,2,2247
410000,33827,537838,1.834749990825557e-10,0.0,0.0,0.2355775088071823,0.3347424864768982,2136.0,0.045288801193237305,0.0,0.0,-1.0,3.0,68569.9140625,106217.3125,2,19,20,5,0,2,2,20,21,5,0,2,1561
410000,34000,537838,1.9070324486225587e-10,0.0,0.0,0.15524663031101227,0.2364668995141983,2329.0,0.5607832670211792,0.0,0.0,-1.0,4.0,110203.1015625,118604.859375,3,16,19,6,3,6,3,19,22,6,4,7,1842
410000,122034,537838,7.822007486169014e-10,0.0,0.0,0.23806390166282654,0.3071013391017914,4012.0,0.8115313649177551,0.35124555230140686,1.939712405204773,3.372999906539917,5.0,121533.2109375,122554.9140625,12,29,22,8,3,2,14,31,23,8,3,2,2887
410000,88166,537838,1.6842396921568081e-10,0.0,0.0,0.2633724808692932,0.332261860370636,3464.0,0.015176773071289062,0.0,0.0,-1.0,8.0,96213.5,93849.28125,1,12,22,2,0,0,1,12,22,2,0,0,2614
410000,149291,537838,1.5718479295934173e-10,0.0,0.0,0.2971886396408081,0.39455947279930115,3020.0,1.6562556028366089,0.0,0.0,-1.0,7.0,32293.04296875,34300.86328125,6,22,19,4,1,2,8,23,21,4,1,2,2316
410000,68472,537838,5.658546981673895e-12,0.0,0.0,0.3241010904312134,0.3739013969898224,3540.0,0.12401723861694336,-0.30392152070999146,1.7338333129882812,1.266623616218567,3.0,52868.01953125,54746.109375,15,19,19,8,1,3,15,19,20,8,1,3,2550
410000,41800,537838,0.0,0.0,0.0,0.2774082124233246,0.3160005211830139,2866.0,0.6427870392799377,0.0,0.0,-1.0,8.0,80632.8984375,95680.09375,3,3,18,3,3,5,5,3,18,3,3,5,1926
410000,24055,537838,1.2385770187250955e-10,0.0,0.0,0.2094661444425583,0.2494674175977707,2451.0,0.36191773414611816,0.0,0.0,-1.0,9.0,155952.15625,123969.0703125,6,21,21,4,1,4,6,24,24,4,1,4,1700
410000,39289,537838,1.5360311633738633e-10,0.0,0.0,0.22451405227184296,0.3004976809024811,3501.0,0.06950527429580688,0.0,0.0,-1.0,6.0,123444.1015625,123162.921875,1,7,29,4,1,3,1,7,29,4,1,3,2673
410000,39334,537838,2.1064991417851786e-10,0.0,0.0,0.17919503152370453,0.21525438129901886,2341.0,0.00777745246887207,0.0,0.0,-1.0,7.0,44084.12109375,47362.96484375,7,24,21,10,3,3,10,24,23,11,3,3,1541
410000,38623,537838,1.6849725781309388e-10,0.0,0.0,0.4014553129673004,0.5358425974845886,2083.0,0.7526770830154419,0.0,0.0,-1.0,7.0,84426.8046875,84820.1875,0,25,27,8,1,4,0,26,28,8,1,4,1500
410000,38678,537838,2.483566685640426e-10,0.0,0.0,0.26779451966285706,0.3720804750919342,2201.0,1.6223986148834229,2.431819200515747,2.431819200515747,2.431819200515747,6.0,26400.25390625,28835.2109375,5,14,16,9,2,5,7,17,18,9,2,5,1605
410000,134787,537838,6.91217309084502e-12,0.0,0.0,0.18764927983283997,0.26872289180755615,2885.0,2.687100887298584,0.0,0.0,-1.0,4.0,41146.45703125,42930.41015625,3,17,17,7,0,2,3,17,17,7,1,2,2194
410000,145740,537838,1.1714849923460946e-10,0.7964603304862976,0.8129270076751709,0.2330123782157898,0.2798371911048889,2314.0,0.9249538779258728,0.0,0.0,-1.0,6.0,68224.140625,45699.26953125,0,19,26,7,0,1,4,20,27,7,1,2,1769
410000,21472,537838,2.54530480026105e-10,0.0,0.0,0.3989749848842621,0.4670982360839844,6495.0,0.2786942720413208,0.0,0.0,-1.0,3.0,141615.40625,159172.375,13,22,26,6,1,3,14,23,26,6,1,3,4267
410000,109888,537838,2.1517079784594273e-10,0.0,0.0,0.2676987648010254,0.3013906478881836,2709.0,0.2532285451889038,0.0,0.0,-1.0,8.0,246648.484375,251238.953125,3,16,19,7,1,2,4,18,23,7,1,2,1898
410000,116067,537838,7.851405886116075e-14,0.0,0.0,0.3314638137817383,0.42204079031944275,2375.0,0.20908594131469727,0.0,0.0,-1.0,7.0,32901.8671875,44833.71875,8,36,18,5,1,2,10,39,20,5,1,2,1723
410000,65960,537838,0.0,0.0,0.0,0.26369935274124146,0.2990850806236267,3829.0,0.3474891483783722,0.40915292501449585,2.5729103088378906,2.7187376022338867,5.0,29305.25390625,22068.498046875,8,23,21,11,7,4,8,23,21,13,9,5,2764
410000,138459,537838,2.240419377796954e-10,0.0,0.0,0.15116940438747406,0.21266457438468933,2768.0,0.37593698501586914,0.0,0.0,-1.0,4.0,103738.7109375,112622.9921875,7,30,18,2,0,0,7,30,18,3,1,0,1834
410000,21299,537838,1.7386031503363597e-10,0.0,0.0,0.27110984921455383,0.29383373260498047,4802.0,0.24959063529968262,0.0,0.0,-1.0,5.0,24097.216796875,38562.78515625,0,19,24,9,2,2,1,20,26,9,3,3,3466
410000,37289,537838,7.707279503195788e-14,0.0,0.0,0.2800181210041046,0.37252047657966614,2310.0,2.0316474437713623,0.0,0.0,-1.0,3.0,50197.953125,45254.66015625,5,35,35,8,0,0,5,36,36,8,0,0,1661
410000,126497,537838,0.0,0.0,0.0,0.25932571291923523,0.30539241433143616,2403.0,0.9057100415229797,0.0,0.0,-1.0,6.0,65712.0,79079.296875,13,30,17,10,1,3,13,31,19,10,1,3,1760
410000,100561,537838,3.125589370656101e-11,0.0,0.0,0.38680991530418396,0.42265379428863525,6134.0,0.034795284271240234,0.0,0.0,-1.0,5.0,513183.25,515666.59375,9,30,26,10,3,3,10,31,26,10,3,3,4341
410000,129308,537838,1.619629985682991e-10,0.0,0.0,0.25018471479415894,0.29036465287208557,2955.0,0.7005281448364258,0.0,0.0,-1.0,7.0,41209.6171875,37271.75,11,15,16,4,1,1,12,18,19,4,1,1,2111
410000,42835,537838,0.0,0.0,0.0,0.33622559905052185,0.39698150753974915,2127.0,0.4285283088684082,0.0,0.0,-1.0,5.0,135350.734375,136046.953125,12,14,16,16,2,5,12,16,18,16,2,5,1506
410000,122368,537838,3.8327918616687384e-10,0.0,0.0,0.4667889177799225,0.5364652872085571,4579.0,0.3430197238922119,0.0,0.0,-1.0,10.0,302148.8125,314738.3125,15,40,40,8,1,1,19,44,47,8,1,1,3194
410000,138694,537838,1.9651258398312166e-10,0.0,0.0,0.2656787633895874,0.3137056827545166,2041.0,0.6862714290618896,0.0,0.0,-1.0,3.0,47641.39453125,52334.10546875,11,17,16,9,0,2,14,19,18,9,0,3,1371
410000,138814,537838,1.376587732693224e-10,0.0,0.0,0.2783174514770508,0.3687595725059509,3252.0,0.0911397933959961,0.0,0.0,-1.0,4.0,155204.90625,166085.296875,8,16,20,9,1,2,13,20,23,9,1,2,2336
410000,76203,537838,5.8535507170554e-12,0.0,0.0,0.2488665133714676,0.3308073580265045,3055.0,1.739631175994873,0.0,0.0,-1.0,5.0,33139.0859375,39342.61328125,3,16,19,3,2,3,3,16,19,3,3,3,2173
410000,60018,537838,1.719036579750366e-10,0.0,0.0,0.24712496995925903,0.2905566692352295,2427.0,0.5986718535423279,0.0,0.0,-1.0,5.0,41837.0,69006.09375,2,14,24,9,0,1,2,18,28,9,0,1,1889
410000,60103,537838,2.033841983717366e-10,0.0,0.0,0.24737979471683502,0.2808034121990204,3006.0,0.027530670166015625,-1.5181289911270142,3.769939661026001,3.224902868270874,7.0,158871.203125,161531.03125,10,16,17,6,4,1,12,18,20,8,5,3,2177
410000,139961,537838,2.027525092263005e-10,0.0,0.0,0.3774774372577667,0.4790825843811035,2335.0,1.0420420169830322,-4.306350231170654,6.458095073699951,-0.24820725619792938,5.0,26838.4765625,34447.34765625,9,30,19,2,1,2,10,33,22,2,1,4,1658
410000,140866,537838,1.803387300602921e-10,0.0,0.0,0.21375152468681335,0.27173322439193726,2013.0,0.36239609122276306,0.0,0.0,-1.0,4.0,87366.875,63329.0625,3,14,18,8,0,2,3,16,20,8,0,2,1513
410000,116178,537838,0.0,0.0,0.0,0.17964588105678558,0.2581436336040497,2756.0,0.12301569432020187,0.0,0.0,-1.0,5.0,85244.8359375,93086.09375,2,16,22,4,3,4,7,18,25,4,4,6,1851
410000,101807,537838,1.6677635661377366e-10,0.0,0.0,0.29330500960350037,0.3358858823776245,4976.0,0.013935685157775879,0.0,0.0,-1.0,3.0,117683.1015625,116017.71875,5,40,31,9,2,2,5,40,31,12,2,2,3698
410000,101834,537838,1.6422557758133394e-10,0.0,0.0,0.2634134888648987,0.37553921341896057,2030.0,1.218878149986267,0.0,0.0,-1.0,4.0,57341.05859375,35350.6484375,3,31,21,4,1,3,3,32,22,4,1,3,1466
410000,94585,537838,3.192208997138124e-11,0.0,0.0,0.26654690504074097,0.30281862616539,6597.0,0.13815975189208984,0.0,0.0,-1.0,7.0,193224.09375,233106.640625,13,14,16,4,1,2,17,15,18,5,3,3,4575
410000,124470,537838,5.958726134042136e-12,0.0,0.0,0.23797667026519775,0.30145904421806335,2786.0,0.6508814096450806,0.0,0.0,-1.0,8.0,30923.603515625,49593.80078125,9,15,24,9,3,3,11,16,25,9,3,3,1965
410000,37840,537838,0.0,0.7296740412712097,0.7296754121780396,0.558415412902832,0.6205685138702393,1872.0,0.4657716751098633,-2.9746949672698975,2.9746949672698975,-2.9746949672698975,5.0,116104.59375,131947.046875,4,23,33,11,4,7,5,25,35,12,5,8,1332
410000,37983,537838,0.0,0.6537377238273621,0.6726582050323486,0.617372989654541,0.7186939120292664,1963.0,0.596649706363678,0.15380093455314636,6.0211968421936035,9.487000465393066,10.0,117754.0234375,122124.265625,20,24,18,5,3,5,27,28,23,5,4,6,1324
410000,38050,537838,1.6725741625034374e-10,0.0,0.0,0.4273655414581299,0.48480096459388733,2745.0,0.6051928997039795,0.0,0.0,0.0,4.0,30657.03515625,24705.466796875,6,12,22,1,10,10,9,12,22,1,10,10,1784
410000,135617,537838,1.648677028232015e-10,0.0,0.0,0.26625344157218933,0.2872849702835083,3518.0,0.6684662103652954,1.539447546005249,7.9370341300964355,9.325757026672363,7.0,60197.94140625,59991.43359375,9,17,25,8,0,4,11,19,25,8,0,4,2436
410000,39503,537838,2.066044418880253e-10,0.0,0.0,0.37471553683280945,0.46594130992889404,2162.0,0.7639865875244141,0.0,0.0,-1.0,3.0,27508.935546875,35054.1953125,1,13,16,4,1,2,1,15,17,4,2,3,1566
410000,135863,537838,1.748028527481793e-10,0.0,0.0,0.309073269367218,0.3481179177761078,5820.0,0.20081758499145508,0.0,0.0,-1.0,3.0,82667.46875,88754.0625,16,27,23,4,1,2,18,28,26,4,1,2,3848
410000,144091,537838,3.3720016362481786e-11,0.8326045870780945,0.8476794958114624,0.4963246285915375,0.5673581957817078,3294.0,0.0971992015838623,0.0,0.0,-1.0,7.0,211760.609375,233836.921875,17,11,29,14,0,0,17,15,33,14,0,1,2481
410000,144269,537838,6.3756790645574934e-12,0.0,0.0,0.21316376328468323,0.25626683235168457,4824.0,0.44915175437927246,0.0,0.0,-1.0,7.0,90654.03125,94204.078125,0,22,17,8,4,7,0,22,17,8,4,7,3507
410000,140730,537838,2.480051997100219e-10,0.0,0.0,0.26780468225479126,0.33957967162132263,3797.0,0.4857965111732483,0.0,0.0,-1.0,3.0,44800.7109375,51716.234375,10,29,20,4,1,2,11,29,21,4,1,2,2717
410000,129861,537838,1.837026503137551e-10,0.0,0.0,0.2287796288728714,0.31406357884407043,2245.0,0.3363065719604492,0.0,0.0,-1.0,6.0,72356.671875,72996.3046875,4,12,21,4,1,5,8,15,25,4,1,5,1575
410000,133846,537838,1.3548091815085428e-10,0.0,0.0,0.2302876114845276,0.30546146631240845,3145.0,0.09253901243209839,0.0,0.0,-1.0,6.0,151858.421875,166867.859375,6,34,22,14,3,2,9,37,26,14,3,2,2276
